"../../../Engine/Content/EditorResources/S_Actor.ubulk" 0
"../../../Engine/Content/EditorResources/S_Actor.uasset" 1
"../../../Engine/Content/EditorResources/S_Actor.uexp" 2
"../../../Engine/Content/EditorResources/S_BoxReflectionCapture.uasset" 3
"../../../Engine/Content/EditorResources/S_BoxReflectionCapture.uexp" 4
"../../../Engine/Content/EngineResources/DefaultTextureCube.uasset" 5
"../../../Engine/Content/EngineResources/DefaultTextureCube.uexp" 6
"../../../Engine/Content/EngineResources/DefaultVolumeTexture2D.uasset" 7
"../../../Engine/Content/EngineResources/DefaultVolumeTexture2D.uexp" 8
"../../../Engine/Content/EngineResources/DefaultVolumeTexture.uasset" 9
"../../../Engine/Content/EngineResources/DefaultVolumeTexture.uexp" 10
"../../../Engine/Content/EditorResources/S_Trigger.ubulk" 11
"../../../Engine/Content/EditorResources/S_Trigger.uasset" 12
"../../../Engine/Content/EditorResources/S_Trigger.uexp" 13
"../../../Engine/Content/EditorResources/S_TriggerBox.uasset" 14
"../../../Engine/Content/EditorResources/S_TriggerBox.uexp" 15
"../../../Engine/Content/EditorResources/S_TriggerCapsule.uasset" 16
"../../../Engine/Content/EditorResources/S_TriggerCapsule.uexp" 17
"../../../Engine/Content/EditorResources/S_TriggerSphere.uasset" 18
"../../../Engine/Content/EditorResources/S_TriggerSphere.uexp" 19
"../../../Engine/Content/EngineMeshes/Sphere.ubulk" 20
"../../../Engine/Content/EngineMeshes/Sphere.uasset" 21
"../../../Engine/Content/EngineMeshes/Sphere.uexp" 22
"../../../Engine/Content/EngineResources/GradientTexture0.uasset" 23
"../../../Engine/Content/EngineResources/GradientTexture0.uexp" 24
"../../../Engine/Content/VREditor/LaserPointer/VR_LaserPower_01.ubulk" 25
"../../../Engine/Content/VREditor/LaserPointer/VR_LaserPower_01.uasset" 26
"../../../Engine/Content/VREditor/LaserPointer/VR_LaserPower_01.uexp" 27
"../../../Engine/Content/VREditor/TransformGizmo/TransformGizmoMaterial.uasset" 28
"../../../Engine/Content/VREditor/TransformGizmo/TransformGizmoMaterial.uexp" 29
"../../../Engine/Content/VREditor/TransformGizmo/TranslucentTransformGizmoMaterial.uasset" 30
"../../../Engine/Content/VREditor/TransformGizmo/TranslucentTransformGizmoMaterial.uexp" 31
"../../../Engine/Content/VREditor/TransformGizmo/BoundingBoxCorner.ubulk" 32
"../../../Engine/Content/VREditor/TransformGizmo/BoundingBoxCorner.uasset" 33
"../../../Engine/Content/VREditor/TransformGizmo/BoundingBoxCorner.uexp" 34
"../../../Engine/Content/VREditor/TransformGizmo/BoundingBoxEdge.ubulk" 35
"../../../Engine/Content/VREditor/TransformGizmo/BoundingBoxEdge.uasset" 36
"../../../Engine/Content/VREditor/TransformGizmo/BoundingBoxEdge.uexp" 37
"../../../Engine/Content/VREditor/TransformGizmo/Main.uasset" 38
"../../../Engine/Content/VREditor/TransformGizmo/Main.uexp" 39
"../../../Engine/Content/VREditor/TransformGizmo/Xray.uasset" 40
"../../../Engine/Content/VREditor/TransformGizmo/Xray.uexp" 41
"../../../Engine/Content/VREditor/TransformGizmo/SM_Sequencer_Node.ubulk" 42
"../../../Engine/Content/VREditor/TransformGizmo/SM_Sequencer_Node.uasset" 43
"../../../Engine/Content/VREditor/TransformGizmo/SM_Sequencer_Node.uexp" 44
"../../../Engine/Content/EditorResources/S_Solver.ubulk" 45
"../../../Engine/Content/EditorResources/S_Solver.uasset" 46
"../../../Engine/Content/EditorResources/S_Solver.uexp" 47
"../../../Engine/Content/EditorMaterials/Camera/CineMat.uasset" 48
"../../../Engine/Content/EditorMaterials/Camera/CineMat.uexp" 49
"../../../Engine/Content/EditorMaterials/Camera/MI_CineMat_Rig.uasset" 50
"../../../Engine/Content/EditorMaterials/Camera/MI_CineMat_Rig.uexp" 51
"../../../Engine/Content/EditorMeshes/Camera/SM_CraneRig_Base.ubulk" 52
"../../../Engine/Content/EditorMeshes/Camera/SM_CraneRig_Base.uasset" 53
"../../../Engine/Content/EditorMeshes/Camera/SM_CraneRig_Base.uexp" 54
"../../../Engine/Content/EditorMeshes/Camera/SM_CraneRig_Arm.ubulk" 55
"../../../Engine/Content/EditorMeshes/Camera/SM_CraneRig_Arm.uasset" 56
"../../../Engine/Content/EditorMeshes/Camera/SM_CraneRig_Arm.uexp" 57
"../../../Engine/Content/EditorMeshes/Camera/SM_CraneRig_Mount.ubulk" 58
"../../../Engine/Content/EditorMeshes/Camera/SM_CraneRig_Mount.uasset" 59
"../../../Engine/Content/EditorMeshes/Camera/SM_CraneRig_Mount.uexp" 60
"../../../Engine/Content/EditorMeshes/Camera/SM_CraneRig_Body.ubulk" 61
"../../../Engine/Content/EditorMeshes/Camera/SM_CraneRig_Body.uasset" 62
"../../../Engine/Content/EditorMeshes/Camera/SM_CraneRig_Body.uexp" 63
"../../../Engine/Content/EditorMeshes/Camera/SM_RailRig_Track.ubulk" 64
"../../../Engine/Content/EditorMeshes/Camera/SM_RailRig_Track.uasset" 65
"../../../Engine/Content/EditorMeshes/Camera/SM_RailRig_Track.uexp" 66
"../../../Engine/Content/EditorMeshes/Camera/SM_RailRig_Mount.ubulk" 67
"../../../Engine/Content/EditorMeshes/Camera/SM_RailRig_Mount.uasset" 68
"../../../Engine/Content/EditorMeshes/Camera/SM_RailRig_Mount.uexp" 69
"../../../Engine/Content/EngineMaterials/T_Default_Material_Grid_M.ubulk" 70
"../../../Engine/Content/EngineMaterials/T_Default_Material_Grid_M.uasset" 71
"../../../Engine/Content/EngineMaterials/T_Default_Material_Grid_M.uexp" 72
"../../../Engine/Content/EngineMaterials/T_Default_Material_Grid_N.ubulk" 73
"../../../Engine/Content/EngineMaterials/T_Default_Material_Grid_N.uasset" 74
"../../../Engine/Content/EngineMaterials/T_Default_Material_Grid_N.uexp" 75
"../../../Engine/Content/Functions/Engine_MaterialFunctions01/Opacity/CameraDepthFade.uasset" 76
"../../../Engine/Content/Functions/Engine_MaterialFunctions01/Opacity/CameraDepthFade.uexp" 77
"../../../Engine/Content/EngineMaterials/WorldGridMaterial.uasset" 78
"../../../Engine/Content/EngineMaterials/WorldGridMaterial.uexp" 79
"../../../Engine/Content/ArtTools/RenderToTexture/Meshes/S_1_Unit_Plane.ubulk" 80
"../../../Engine/Content/ArtTools/RenderToTexture/Meshes/S_1_Unit_Plane.uasset" 81
"../../../Engine/Content/ArtTools/RenderToTexture/Meshes/S_1_Unit_Plane.uexp" 82
"../../../Engine/Content/EditorMaterials/ParticleSystems/PSysThumbnail_NoImage.ubulk" 83
"../../../Engine/Content/EditorMaterials/ParticleSystems/PSysThumbnail_NoImage.uasset" 84
"../../../Engine/Content/EditorMaterials/ParticleSystems/PSysThumbnail_NoImage.uexp" 85
"../../../Engine/Content/EditorMaterials/ParticleSystems/PSysThumbnail_OOD.ubulk" 86
"../../../Engine/Content/EditorMaterials/ParticleSystems/PSysThumbnail_OOD.uasset" 87
"../../../Engine/Content/EditorMaterials/ParticleSystems/PSysThumbnail_OOD.uexp" 88
"../../../Engine/Content/EditorLandscapeResources/SplineEditorMeshMat.uasset" 89
"../../../Engine/Content/EditorLandscapeResources/SplineEditorMeshMat.uexp" 90
"../../../Engine/Content/EditorLandscapeResources/SplineEditorMesh.ubulk" 91
"../../../Engine/Content/EditorLandscapeResources/SplineEditorMesh.uasset" 92
"../../../Engine/Content/EditorLandscapeResources/SplineEditorMesh.uexp" 93
"F:/UnrealProjects/Wizard_Dormitory/Content/NPC/Textures/spritesheet02_Texture.ubulk" 94
"F:/UnrealProjects/Wizard_Dormitory/Content/NPC/Textures/spritesheet02_Texture.uasset" 95
"F:/UnrealProjects/Wizard_Dormitory/Content/NPC/Textures/spritesheet02_Texture.uexp" 96
"F:/UnrealProjects/Wizard_Dormitory/Content/NPC/Textures/spritesheet02_Texture_N_UV__.ubulk" 97
"F:/UnrealProjects/Wizard_Dormitory/Content/NPC/Textures/spritesheet02_Texture_N_UV__.uasset" 98
"F:/UnrealProjects/Wizard_Dormitory/Content/NPC/Textures/spritesheet02_Texture_N_UV__.uexp" 99
"F:/UnrealProjects/Wizard_Dormitory/Content/NPC/Textures/spritesheet.uasset" 100
"F:/UnrealProjects/Wizard_Dormitory/Content/NPC/Textures/spritesheet.uexp" 101
"F:/UnrealProjects/Wizard_Dormitory/Content/NPC/Material/M_Eye.uasset" 102
"F:/UnrealProjects/Wizard_Dormitory/Content/NPC/Material/M_Eye.uexp" 103
"F:/UnrealProjects/Wizard_Dormitory/Content/NPC/Material/OutLine.uasset" 104
"F:/UnrealProjects/Wizard_Dormitory/Content/NPC/Material/OutLine.uexp" 105
"F:/UnrealProjects/Wizard_Dormitory/Content/NPC/Mesh/SK_Mannequin_RT.uasset" 106
"F:/UnrealProjects/Wizard_Dormitory/Content/NPC/Mesh/SK_Mannequin_RT.uexp" 107
"../../../Engine/Content/Functions/Engine_MaterialFunctions02/Utility/BreakOutFloat3Components.uasset" 108
"../../../Engine/Content/Functions/Engine_MaterialFunctions02/Utility/BreakOutFloat3Components.uexp" 109
"../../../Engine/Content/Functions/Engine_MaterialFunctions02/Math/Transform3x3Matrix.uasset" 110
"../../../Engine/Content/Functions/Engine_MaterialFunctions02/Math/Transform3x3Matrix.uexp" 111
"F:/UnrealProjects/Wizard_Dormitory/Content/Genshin_Shader_v1_1/assets/default_textures/bjayers_default_metallic.ubulk" 112
"F:/UnrealProjects/Wizard_Dormitory/Content/Genshin_Shader_v1_1/assets/default_textures/bjayers_default_metallic.uasset" 113
"F:/UnrealProjects/Wizard_Dormitory/Content/Genshin_Shader_v1_1/assets/default_textures/bjayers_default_metallic.uexp" 114
"../../../Engine/Content/EditorMaterials/TargetIcon.ubulk" 115
"../../../Engine/Content/EditorMaterials/TargetIcon.uasset" 116
"../../../Engine/Content/EditorMaterials/TargetIcon.uexp" 117
"../../../Engine/Content/Functions/Engine_MaterialFunctions01/Texturing/SpiralBlur-Texture.uasset" 118
"../../../Engine/Content/Functions/Engine_MaterialFunctions01/Texturing/SpiralBlur-Texture.uexp" 119
"../../../Engine/Content/Functions/Engine_MaterialFunctions02/SplitComponents.uasset" 120
"../../../Engine/Content/Functions/Engine_MaterialFunctions02/SplitComponents.uexp" 121
"F:/UnrealProjects/Wizard_Dormitory/Content/Genshin_Shader_v1_1/curves/curve_night_skin.uasset" 122
"F:/UnrealProjects/Wizard_Dormitory/Content/Genshin_Shader_v1_1/curves/curve_night_skin.uexp" 123
"F:/UnrealProjects/Wizard_Dormitory/Content/Genshin_Shader_v1_1/curves/curve_night.uasset" 124
"F:/UnrealProjects/Wizard_Dormitory/Content/Genshin_Shader_v1_1/curves/curve_night.uexp" 125
"F:/UnrealProjects/Wizard_Dormitory/Content/Genshin_Shader_v1_1/curves/curve_day_hair.uasset" 126
"F:/UnrealProjects/Wizard_Dormitory/Content/Genshin_Shader_v1_1/curves/curve_day_hair.uexp" 127
"F:/UnrealProjects/Wizard_Dormitory/Content/Genshin_Shader_v1_1/curves/curve_day_skin.uasset" 128
"F:/UnrealProjects/Wizard_Dormitory/Content/Genshin_Shader_v1_1/curves/curve_day_skin.uexp" 129
"F:/UnrealProjects/Wizard_Dormitory/Content/Genshin_Shader_v1_1/curves/curve_night_hair.uasset" 130
"F:/UnrealProjects/Wizard_Dormitory/Content/Genshin_Shader_v1_1/curves/curve_night_hair.uexp" 131
"F:/UnrealProjects/Wizard_Dormitory/Content/Genshin_Shader_v1_1/curves/curve_day.uasset" 132
"F:/UnrealProjects/Wizard_Dormitory/Content/Genshin_Shader_v1_1/curves/curve_day.uexp" 133
"F:/UnrealProjects/Wizard_Dormitory/Content/Genshin_Shader_v1_1/curves/00-shadow_curve_atlas.uasset" 134
"F:/UnrealProjects/Wizard_Dormitory/Content/Genshin_Shader_v1_1/curves/00-shadow_curve_atlas.uexp" 135
"F:/UnrealProjects/Wizard_Dormitory/Content/Genshin_Shader_v1_1/assets/default_textures/bjayers_default_normal.ubulk" 136
"F:/UnrealProjects/Wizard_Dormitory/Content/Genshin_Shader_v1_1/assets/default_textures/bjayers_default_normal.uasset" 137
"F:/UnrealProjects/Wizard_Dormitory/Content/Genshin_Shader_v1_1/assets/default_textures/bjayers_default_normal.uexp" 138
"../../../Engine/Content/Functions/Engine_MaterialFunctions02/Utility/MakeFloat3.uasset" 139
"../../../Engine/Content/Functions/Engine_MaterialFunctions02/Utility/MakeFloat3.uexp" 140
"../../../Engine/Content/Functions/Engine_MaterialFunctions02/SafeNormalize.uasset" 141
"../../../Engine/Content/Functions/Engine_MaterialFunctions02/SafeNormalize.uexp" 142
"../../../Engine/Content/Functions/Engine_MaterialFunctions02/Math/CreateThirdOrthogonalVector.uasset" 143
"../../../Engine/Content/Functions/Engine_MaterialFunctions02/Math/CreateThirdOrthogonalVector.uexp" 144
"../../../Engine/Content/Functions/Engine_MaterialFunctions02/Math/TransformNormals_Tangent_to_Vertex.uasset" 145
"../../../Engine/Content/Functions/Engine_MaterialFunctions02/Math/TransformNormals_Tangent_to_Vertex.uexp" 146
"../../../Engine/Content/Functions/Engine_MaterialFunctions02/Utility/AppendMany.uasset" 147
"../../../Engine/Content/Functions/Engine_MaterialFunctions02/Utility/AppendMany.uexp" 148
"F:/UnrealProjects/Wizard_Dormitory/Content/Genshin_Shader_v1_1/assets/default_textures/bjayers_default.ubulk" 149
"F:/UnrealProjects/Wizard_Dormitory/Content/Genshin_Shader_v1_1/assets/default_textures/bjayers_default.uasset" 150
"F:/UnrealProjects/Wizard_Dormitory/Content/Genshin_Shader_v1_1/assets/default_textures/bjayers_default.uexp" 151
"F:/UnrealProjects/Wizard_Dormitory/Content/Genshin_Shader_v1_1/assets/default_textures/bjayers_default_roughness.ubulk" 152
"F:/UnrealProjects/Wizard_Dormitory/Content/Genshin_Shader_v1_1/assets/default_textures/bjayers_default_roughness.uasset" 153
"F:/UnrealProjects/Wizard_Dormitory/Content/Genshin_Shader_v1_1/assets/default_textures/bjayers_default_roughness.uexp" 154
"F:/UnrealProjects/Wizard_Dormitory/Content/Genshin_Shader_v1_1/assets/metalic_matcap.ubulk" 155
"F:/UnrealProjects/Wizard_Dormitory/Content/Genshin_Shader_v1_1/assets/metalic_matcap.uasset" 156
"F:/UnrealProjects/Wizard_Dormitory/Content/Genshin_Shader_v1_1/assets/metalic_matcap.uexp" 157
"../../../Engine/Content/Functions/Engine_MaterialFunctions02/Utility/CustomReflectionVector.uasset" 158
"../../../Engine/Content/Functions/Engine_MaterialFunctions02/Utility/CustomReflectionVector.uexp" 159
"F:/UnrealProjects/Wizard_Dormitory/Content/Genshin_Shader_v1_1/M_Genshin_Shader_v1-1.uasset" 160
"F:/UnrealProjects/Wizard_Dormitory/Content/Genshin_Shader_v1_1/M_Genshin_Shader_v1-1.uexp" 161
"F:/UnrealProjects/Wizard_Dormitory/Content/NPC/Material/M_Cloth01.uasset" 162
"F:/UnrealProjects/Wizard_Dormitory/Content/NPC/Material/M_Cloth01.uexp" 163
"../../../Engine/Content/Functions/Engine_MaterialFunctions02/Utility/MakeFloat2.uasset" 164
"../../../Engine/Content/Functions/Engine_MaterialFunctions02/Utility/MakeFloat2.uexp" 165
"F:/UnrealProjects/Wizard_Dormitory/Content/Genshin_Shader_v1_1/M_Genshin_Shader_v1-0.uasset" 166
"F:/UnrealProjects/Wizard_Dormitory/Content/Genshin_Shader_v1_1/M_Genshin_Shader_v1-0.uexp" 167
"F:/UnrealProjects/Wizard_Dormitory/Content/NPC/Material/M_Body.uasset" 168
"F:/UnrealProjects/Wizard_Dormitory/Content/NPC/Material/M_Body.uexp" 169
"F:/UnrealProjects/Wizard_Dormitory/Content/NPC/Material/M_Cloth03.uasset" 170
"F:/UnrealProjects/Wizard_Dormitory/Content/NPC/Material/M_Cloth03.uexp" 171
"F:/UnrealProjects/Wizard_Dormitory/Content/NPC/Material/M_Cloth02.uasset" 172
"F:/UnrealProjects/Wizard_Dormitory/Content/NPC/Material/M_Cloth02.uexp" 173
"F:/UnrealProjects/Wizard_Dormitory/Content/NPC/Mesh/SK_CharacterNPC_PhysicsAsset.uasset" 174
"F:/UnrealProjects/Wizard_Dormitory/Content/NPC/Mesh/SK_CharacterNPC_PhysicsAsset.uexp" 175
"F:/UnrealProjects/Wizard_Dormitory/Content/NPC/Mesh/SK_CharacterNPC.uasset" 176
"F:/UnrealProjects/Wizard_Dormitory/Content/NPC/Mesh/SK_CharacterNPC.uexp" 177
"../../../Engine/Plugins/Marketplace/MetaXR/Content/Textures/TouchForQuestRiftSController_albedo.ubulk" 178
"../../../Engine/Plugins/Marketplace/MetaXR/Content/Textures/TouchForQuestRiftSController_albedo.uasset" 179
"../../../Engine/Plugins/Marketplace/MetaXR/Content/Textures/TouchForQuestRiftSController_albedo.uexp" 180
"../../../Engine/Plugins/Marketplace/MetaXR/Content/Materials/TouchForQuestRiftSControllerMaterial.uasset" 181
"../../../Engine/Plugins/Marketplace/MetaXR/Content/Materials/TouchForQuestRiftSControllerMaterial.uexp" 182
"../../../Engine/Plugins/Marketplace/MetaXR/Content/Meshes/LeftTouchForQuestRiftSController.ubulk" 183
"../../../Engine/Plugins/Marketplace/MetaXR/Content/Meshes/LeftTouchForQuestRiftSController.uasset" 184
"../../../Engine/Plugins/Marketplace/MetaXR/Content/Meshes/LeftTouchForQuestRiftSController.uexp" 185
"../../../Engine/Plugins/Marketplace/MetaXR/Content/Meshes/RightTouchForQuestRiftSController.ubulk" 186
"../../../Engine/Plugins/Marketplace/MetaXR/Content/Meshes/RightTouchForQuestRiftSController.uasset" 187
"../../../Engine/Plugins/Marketplace/MetaXR/Content/Meshes/RightTouchForQuestRiftSController.uexp" 188
"../../../Engine/Plugins/Marketplace/MetaXR/Content/Textures/TouchForQuest2_Color.ubulk" 189
"../../../Engine/Plugins/Marketplace/MetaXR/Content/Textures/TouchForQuest2_Color.uasset" 190
"../../../Engine/Plugins/Marketplace/MetaXR/Content/Textures/TouchForQuest2_Color.uexp" 191
"../../../Engine/Plugins/Marketplace/MetaXR/Content/Textures/TouchForQuest2Material_Roughness.ubulk" 192
"../../../Engine/Plugins/Marketplace/MetaXR/Content/Textures/TouchForQuest2Material_Roughness.uasset" 193
"../../../Engine/Plugins/Marketplace/MetaXR/Content/Textures/TouchForQuest2Material_Roughness.uexp" 194
"../../../Engine/Plugins/Marketplace/MetaXR/Content/Materials/TouchForQuest2Material.uasset" 195
"../../../Engine/Plugins/Marketplace/MetaXR/Content/Materials/TouchForQuest2Material.uexp" 196
"../../../Engine/Plugins/Marketplace/MetaXR/Content/Meshes/LeftTouchForQuest2.ubulk" 197
"../../../Engine/Plugins/Marketplace/MetaXR/Content/Meshes/LeftTouchForQuest2.uasset" 198
"../../../Engine/Plugins/Marketplace/MetaXR/Content/Meshes/LeftTouchForQuest2.uexp" 199
"../../../Engine/Plugins/Marketplace/MetaXR/Content/Meshes/RightTouchForQuest2.ubulk" 200
"../../../Engine/Plugins/Marketplace/MetaXR/Content/Meshes/RightTouchForQuest2.uasset" 201
"../../../Engine/Plugins/Marketplace/MetaXR/Content/Meshes/RightTouchForQuest2.uexp" 202
"../../../Engine/Plugins/Marketplace/MetaXR/Content/Textures/LeftMetaQuestTouchPro_Normal.ubulk" 203
"../../../Engine/Plugins/Marketplace/MetaXR/Content/Textures/LeftMetaQuestTouchPro_Normal.uasset" 204
"../../../Engine/Plugins/Marketplace/MetaXR/Content/Textures/LeftMetaQuestTouchPro_Normal.uexp" 205
"../../../Engine/Plugins/Marketplace/MetaXR/Content/Textures/LeftMetaQuestTouchPro_Color.ubulk" 206
"../../../Engine/Plugins/Marketplace/MetaXR/Content/Textures/LeftMetaQuestTouchPro_Color.uasset" 207
"../../../Engine/Plugins/Marketplace/MetaXR/Content/Textures/LeftMetaQuestTouchPro_Color.uexp" 208
"../../../Engine/Plugins/Marketplace/MetaXR/Content/Materials/LeftMetaQuestTouchProMaterial.uasset" 209
"../../../Engine/Plugins/Marketplace/MetaXR/Content/Materials/LeftMetaQuestTouchProMaterial.uexp" 210
"../../../Engine/Plugins/Marketplace/MetaXR/Content/Meshes/LeftMetaQuestTouchPro.ubulk" 211
"../../../Engine/Plugins/Marketplace/MetaXR/Content/Meshes/LeftMetaQuestTouchPro.uasset" 212
"../../../Engine/Plugins/Marketplace/MetaXR/Content/Meshes/LeftMetaQuestTouchPro.uexp" 213
"../../../Engine/Plugins/Marketplace/MetaXR/Content/Textures/RightMetaQuestTouchPro_Normal.ubulk" 214
"../../../Engine/Plugins/Marketplace/MetaXR/Content/Textures/RightMetaQuestTouchPro_Normal.uasset" 215
"../../../Engine/Plugins/Marketplace/MetaXR/Content/Textures/RightMetaQuestTouchPro_Normal.uexp" 216
"../../../Engine/Plugins/Marketplace/MetaXR/Content/Textures/RightMetaQuestTouchPro_Color.ubulk" 217
"../../../Engine/Plugins/Marketplace/MetaXR/Content/Textures/RightMetaQuestTouchPro_Color.uasset" 218
"../../../Engine/Plugins/Marketplace/MetaXR/Content/Textures/RightMetaQuestTouchPro_Color.uexp" 219
"../../../Engine/Plugins/Marketplace/MetaXR/Content/Materials/RightMetaQuestTouchProMaterial.uasset" 220
"../../../Engine/Plugins/Marketplace/MetaXR/Content/Materials/RightMetaQuestTouchProMaterial.uexp" 221
"../../../Engine/Plugins/Marketplace/MetaXR/Content/Meshes/RightMetaQuestTouchPro.ubulk" 222
"../../../Engine/Plugins/Marketplace/MetaXR/Content/Meshes/RightMetaQuestTouchPro.uasset" 223
"../../../Engine/Plugins/Marketplace/MetaXR/Content/Meshes/RightMetaQuestTouchPro.uexp" 224
"../../../Engine/Plugins/Marketplace/MetaXR/Content/Textures/LeftMetaQuestTouchPlus_Color.ubulk" 225
"../../../Engine/Plugins/Marketplace/MetaXR/Content/Textures/LeftMetaQuestTouchPlus_Color.uasset" 226
"../../../Engine/Plugins/Marketplace/MetaXR/Content/Textures/LeftMetaQuestTouchPlus_Color.uexp" 227
"../../../Engine/Plugins/Marketplace/MetaXR/Content/Materials/LeftMetaQuestTouchPlusMaterial.uasset" 228
"../../../Engine/Plugins/Marketplace/MetaXR/Content/Materials/LeftMetaQuestTouchPlusMaterial.uexp" 229
"../../../Engine/Plugins/Marketplace/MetaXR/Content/Meshes/LeftMetaQuestTouchPlus.ubulk" 230
"../../../Engine/Plugins/Marketplace/MetaXR/Content/Meshes/LeftMetaQuestTouchPlus.uasset" 231
"../../../Engine/Plugins/Marketplace/MetaXR/Content/Meshes/LeftMetaQuestTouchPlus.uexp" 232
"../../../Engine/Plugins/Marketplace/MetaXR/Content/Textures/RightMetaQuestTouchPlus_Color.ubulk" 233
"../../../Engine/Plugins/Marketplace/MetaXR/Content/Textures/RightMetaQuestTouchPlus_Color.uasset" 234
"../../../Engine/Plugins/Marketplace/MetaXR/Content/Textures/RightMetaQuestTouchPlus_Color.uexp" 235
"../../../Engine/Plugins/Marketplace/MetaXR/Content/Materials/RightMetaQuestTouchPlusMaterial.uasset" 236
"../../../Engine/Plugins/Marketplace/MetaXR/Content/Materials/RightMetaQuestTouchPlusMaterial.uexp" 237
"../../../Engine/Plugins/Marketplace/MetaXR/Content/Meshes/RightMetaQuestTouchPlus.ubulk" 238
"../../../Engine/Plugins/Marketplace/MetaXR/Content/Meshes/RightMetaQuestTouchPlus.uasset" 239
"../../../Engine/Plugins/Marketplace/MetaXR/Content/Meshes/RightMetaQuestTouchPlus.uexp" 240
"../../../Engine/Content/EngineMaterials/BaseFlattenNormalMap.uasset" 241
"../../../Engine/Content/EngineMaterials/BaseFlattenNormalMap.uexp" 242
"../../../Engine/Content/EngineResources/Black.uasset" 243
"../../../Engine/Content/EngineResources/Black.uexp" 244
"../../../Engine/Plugins/Runtime/OpenXR/Content/Devices/M_XRController.uasset" 245
"../../../Engine/Plugins/Runtime/OpenXR/Content/Devices/M_XRController.uexp" 246
"../../../Engine/Plugins/Runtime/OpenXR/Content/Devices/HTCVive/BaseTexture.ubulk" 247
"../../../Engine/Plugins/Runtime/OpenXR/Content/Devices/HTCVive/BaseTexture.uasset" 248
"../../../Engine/Plugins/Runtime/OpenXR/Content/Devices/HTCVive/BaseTexture.uexp" 249
"../../../Engine/Plugins/Runtime/OpenXR/Content/Devices/HTCVive/MI_HTCVive.uasset" 250
"../../../Engine/Plugins/Runtime/OpenXR/Content/Devices/HTCVive/MI_HTCVive.uexp" 251
"../../../Engine/Plugins/Runtime/OpenXR/Content/Devices/HTCVive/HTCViveController.ubulk" 252
"../../../Engine/Plugins/Runtime/OpenXR/Content/Devices/HTCVive/HTCViveController.uasset" 253
"../../../Engine/Plugins/Runtime/OpenXR/Content/Devices/HTCVive/HTCViveController.uexp" 254
"../../../Engine/Plugins/Runtime/OpenXR/Content/Devices/MicrosoftMixedReality/NormalTexture.ubulk" 255
"../../../Engine/Plugins/Runtime/OpenXR/Content/Devices/MicrosoftMixedReality/NormalTexture.uasset" 256
"../../../Engine/Plugins/Runtime/OpenXR/Content/Devices/MicrosoftMixedReality/NormalTexture.uexp" 257
"../../../Engine/Plugins/Runtime/OpenXR/Content/Devices/MicrosoftMixedReality/EmissiveTexture.ubulk" 258
"../../../Engine/Plugins/Runtime/OpenXR/Content/Devices/MicrosoftMixedReality/EmissiveTexture.uasset" 259
"../../../Engine/Plugins/Runtime/OpenXR/Content/Devices/MicrosoftMixedReality/EmissiveTexture.uexp" 260
"../../../Engine/Plugins/Runtime/OpenXR/Content/Devices/MicrosoftMixedReality/BaseTexture.ubulk" 261
"../../../Engine/Plugins/Runtime/OpenXR/Content/Devices/MicrosoftMixedReality/BaseTexture.uasset" 262
"../../../Engine/Plugins/Runtime/OpenXR/Content/Devices/MicrosoftMixedReality/BaseTexture.uexp" 263
"../../../Engine/Plugins/Runtime/OpenXR/Content/Devices/MicrosoftMixedReality/MRTexture.ubulk" 264
"../../../Engine/Plugins/Runtime/OpenXR/Content/Devices/MicrosoftMixedReality/MRTexture.uasset" 265
"../../../Engine/Plugins/Runtime/OpenXR/Content/Devices/MicrosoftMixedReality/MRTexture.uexp" 266
"../../../Engine/Plugins/Runtime/OpenXR/Content/Devices/MicrosoftMixedReality/MI_MicrosoftMixedReality.uasset" 267
"../../../Engine/Plugins/Runtime/OpenXR/Content/Devices/MicrosoftMixedReality/MI_MicrosoftMixedReality.uexp" 268
"../../../Engine/Plugins/Runtime/OpenXR/Content/Devices/MicrosoftMixedReality/Left/left_MicrosoftMixedRealityController.ubulk" 269
"../../../Engine/Plugins/Runtime/OpenXR/Content/Devices/MicrosoftMixedReality/Left/left_MicrosoftMixedRealityController.uasset" 270
"../../../Engine/Plugins/Runtime/OpenXR/Content/Devices/MicrosoftMixedReality/Left/left_MicrosoftMixedRealityController.uexp" 271
"../../../Engine/Plugins/Runtime/OpenXR/Content/Devices/MicrosoftMixedReality/Right/right_MicrosoftMixedRealityController.ubulk" 272
"../../../Engine/Plugins/Runtime/OpenXR/Content/Devices/MicrosoftMixedReality/Right/right_MicrosoftMixedRealityController.uasset" 273
"../../../Engine/Plugins/Runtime/OpenXR/Content/Devices/MicrosoftMixedReality/Right/right_MicrosoftMixedRealityController.uexp" 274
"../../../Engine/Plugins/Runtime/OpenXR/Content/Devices/OculusGo/BaseTexture.ubulk" 275
"../../../Engine/Plugins/Runtime/OpenXR/Content/Devices/OculusGo/BaseTexture.uasset" 276
"../../../Engine/Plugins/Runtime/OpenXR/Content/Devices/OculusGo/BaseTexture.uexp" 277
"../../../Engine/Plugins/Runtime/OpenXR/Content/Devices/OculusGo/MI_OculusGo.uasset" 278
"../../../Engine/Plugins/Runtime/OpenXR/Content/Devices/OculusGo/MI_OculusGo.uexp" 279
"../../../Engine/Plugins/Runtime/OpenXR/Content/Devices/OculusGo/OculusGoController.ubulk" 280
"../../../Engine/Plugins/Runtime/OpenXR/Content/Devices/OculusGo/OculusGoController.uasset" 281
"../../../Engine/Plugins/Runtime/OpenXR/Content/Devices/OculusGo/OculusGoController.uexp" 282
"../../../Engine/Plugins/Runtime/OpenXR/Content/Devices/OculusTouch/BaseTexture.ubulk" 283
"../../../Engine/Plugins/Runtime/OpenXR/Content/Devices/OculusTouch/BaseTexture.uasset" 284
"../../../Engine/Plugins/Runtime/OpenXR/Content/Devices/OculusTouch/BaseTexture.uexp" 285
"../../../Engine/Plugins/Runtime/OpenXR/Content/Devices/OculusTouch/MRTexture.ubulk" 286
"../../../Engine/Plugins/Runtime/OpenXR/Content/Devices/OculusTouch/MRTexture.uasset" 287
"../../../Engine/Plugins/Runtime/OpenXR/Content/Devices/OculusTouch/MRTexture.uexp" 288
"../../../Engine/Plugins/Runtime/OpenXR/Content/Devices/OculusTouch/MI_OculusTouch.uasset" 289
"../../../Engine/Plugins/Runtime/OpenXR/Content/Devices/OculusTouch/MI_OculusTouch.uexp" 290
"../../../Engine/Plugins/Runtime/OpenXR/Content/Devices/OculusTouch/Left/left_OculusTouchController.ubulk" 291
"../../../Engine/Plugins/Runtime/OpenXR/Content/Devices/OculusTouch/Left/left_OculusTouchController.uasset" 292
"../../../Engine/Plugins/Runtime/OpenXR/Content/Devices/OculusTouch/Left/left_OculusTouchController.uexp" 293
"../../../Engine/Plugins/Runtime/OpenXR/Content/Devices/OculusTouch/Right/right_OculusTouchController.ubulk" 294
"../../../Engine/Plugins/Runtime/OpenXR/Content/Devices/OculusTouch/Right/right_OculusTouchController.uasset" 295
"../../../Engine/Plugins/Runtime/OpenXR/Content/Devices/OculusTouch/Right/right_OculusTouchController.uexp" 296
"../../../Engine/Plugins/Runtime/OpenXR/Content/Devices/ValveIndex/MRTexture.ubulk" 297
"../../../Engine/Plugins/Runtime/OpenXR/Content/Devices/ValveIndex/MRTexture.uasset" 298
"../../../Engine/Plugins/Runtime/OpenXR/Content/Devices/ValveIndex/MRTexture.uexp" 299
"../../../Engine/Plugins/Runtime/OpenXR/Content/Devices/ValveIndex/BaseTexture.ubulk" 300
"../../../Engine/Plugins/Runtime/OpenXR/Content/Devices/ValveIndex/BaseTexture.uasset" 301
"../../../Engine/Plugins/Runtime/OpenXR/Content/Devices/ValveIndex/BaseTexture.uexp" 302
"../../../Engine/Plugins/Runtime/OpenXR/Content/Devices/ValveIndex/Left/MI_left_ValveIndex.uasset" 303
"../../../Engine/Plugins/Runtime/OpenXR/Content/Devices/ValveIndex/Left/MI_left_ValveIndex.uexp" 304
"../../../Engine/Plugins/Runtime/OpenXR/Content/Devices/ValveIndex/Left/left_ValveIndexController.ubulk" 305
"../../../Engine/Plugins/Runtime/OpenXR/Content/Devices/ValveIndex/Left/left_ValveIndexController.uasset" 306
"../../../Engine/Plugins/Runtime/OpenXR/Content/Devices/ValveIndex/Left/left_ValveIndexController.uexp" 307
"../../../Engine/Plugins/Runtime/OpenXR/Content/Devices/ValveIndex/Right/MI_right_ValveIndex.uasset" 308
"../../../Engine/Plugins/Runtime/OpenXR/Content/Devices/ValveIndex/Right/MI_right_ValveIndex.uexp" 309
"../../../Engine/Plugins/Runtime/OpenXR/Content/Devices/ValveIndex/Right/right_ValveIndexController.ubulk" 310
"../../../Engine/Plugins/Runtime/OpenXR/Content/Devices/ValveIndex/Right/right_ValveIndexController.uasset" 311
"../../../Engine/Plugins/Runtime/OpenXR/Content/Devices/ValveIndex/Right/right_ValveIndexController.uexp" 312
"../../../Engine/Plugins/Runtime/OpenXR/Content/Devices/OculusTouch_v2/BaseTexture.ubulk" 313
"../../../Engine/Plugins/Runtime/OpenXR/Content/Devices/OculusTouch_v2/BaseTexture.uasset" 314
"../../../Engine/Plugins/Runtime/OpenXR/Content/Devices/OculusTouch_v2/BaseTexture.uexp" 315
"../../../Engine/Plugins/Runtime/OpenXR/Content/Devices/OculusTouch_v2/MRTexture.ubulk" 316
"../../../Engine/Plugins/Runtime/OpenXR/Content/Devices/OculusTouch_v2/MRTexture.uasset" 317
"../../../Engine/Plugins/Runtime/OpenXR/Content/Devices/OculusTouch_v2/MRTexture.uexp" 318
"../../../Engine/Plugins/Runtime/OpenXR/Content/Devices/OculusTouch_v2/MI_OculusTouch_v2.uasset" 319
"../../../Engine/Plugins/Runtime/OpenXR/Content/Devices/OculusTouch_v2/MI_OculusTouch_v2.uexp" 320
"../../../Engine/Plugins/Runtime/OpenXR/Content/Devices/OculusTouch_v2/Left/left_OculusTouch_v2Controller.ubulk" 321
"../../../Engine/Plugins/Runtime/OpenXR/Content/Devices/OculusTouch_v2/Left/left_OculusTouch_v2Controller.uasset" 322
"../../../Engine/Plugins/Runtime/OpenXR/Content/Devices/OculusTouch_v2/Left/left_OculusTouch_v2Controller.uexp" 323
"../../../Engine/Plugins/Runtime/OpenXR/Content/Devices/OculusTouch_v2/Right/right_OculusTouch_v2Controller.ubulk" 324
"../../../Engine/Plugins/Runtime/OpenXR/Content/Devices/OculusTouch_v2/Right/right_OculusTouch_v2Controller.uasset" 325
"../../../Engine/Plugins/Runtime/OpenXR/Content/Devices/OculusTouch_v2/Right/right_OculusTouch_v2Controller.uexp" 326
"../../../Engine/Plugins/Runtime/OpenXR/Content/Devices/OculusTouch_v3/MRTexture.ubulk" 327
"../../../Engine/Plugins/Runtime/OpenXR/Content/Devices/OculusTouch_v3/MRTexture.uasset" 328
"../../../Engine/Plugins/Runtime/OpenXR/Content/Devices/OculusTouch_v3/MRTexture.uexp" 329
"../../../Engine/Plugins/Runtime/OpenXR/Content/Devices/OculusTouch_v3/BaseTexture.ubulk" 330
"../../../Engine/Plugins/Runtime/OpenXR/Content/Devices/OculusTouch_v3/BaseTexture.uasset" 331
"../../../Engine/Plugins/Runtime/OpenXR/Content/Devices/OculusTouch_v3/BaseTexture.uexp" 332
"../../../Engine/Plugins/Runtime/OpenXR/Content/Devices/OculusTouch_v3/MI_OculusTouch_v3.uasset" 333
"../../../Engine/Plugins/Runtime/OpenXR/Content/Devices/OculusTouch_v3/MI_OculusTouch_v3.uexp" 334
"../../../Engine/Plugins/Runtime/OpenXR/Content/Devices/OculusTouch_v3/Left/left_OculusTouch_v3Controller.ubulk" 335
"../../../Engine/Plugins/Runtime/OpenXR/Content/Devices/OculusTouch_v3/Left/left_OculusTouch_v3Controller.uasset" 336
"../../../Engine/Plugins/Runtime/OpenXR/Content/Devices/OculusTouch_v3/Left/left_OculusTouch_v3Controller.uexp" 337
"../../../Engine/Plugins/Runtime/OpenXR/Content/Devices/OculusTouch_v3/Right/right_OculusTouch_v3Controller.ubulk" 338
"../../../Engine/Plugins/Runtime/OpenXR/Content/Devices/OculusTouch_v3/Right/right_OculusTouch_v3Controller.uasset" 339
"../../../Engine/Plugins/Runtime/OpenXR/Content/Devices/OculusTouch_v3/Right/right_OculusTouch_v3Controller.uexp" 340
"../../../Engine/Plugins/Media/MediaPlate/Content/SM_MediaPlateScreen.ubulk" 341
"../../../Engine/Plugins/Media/MediaPlate/Content/SM_MediaPlateScreen.uasset" 342
"../../../Engine/Plugins/Media/MediaPlate/Content/SM_MediaPlateScreen.uexp" 343
"../../../Engine/Content/EngineMaterials/DefaultBokeh.uasset" 344
"../../../Engine/Content/EngineMaterials/DefaultBokeh.uexp" 345
"../../../Engine/Content/EngineMaterials/MiniFont.uasset" 346
"../../../Engine/Content/EngineMaterials/MiniFont.uexp" 347
"../../../Engine/Content/EngineMaterials/WeightMapPlaceholderTexture.uasset" 348
"../../../Engine/Content/EngineMaterials/WeightMapPlaceholderTexture.uexp" 349
"../../../Engine/Content/EngineMaterials/WeightMapArrayPlaceholderTexture.uasset" 350
"../../../Engine/Content/EngineMaterials/WeightMapArrayPlaceholderTexture.uexp" 351
"../../../Engine/Content/EngineMaterials/DefaultWhiteGrid.ubulk" 352
"../../../Engine/Content/EngineMaterials/DefaultWhiteGrid.uasset" 353
"../../../Engine/Content/EngineMaterials/DefaultWhiteGrid.uexp" 354
"../../../Engine/Content/EngineMaterials/PreintegratedSkinBRDF.uasset" 355
"../../../Engine/Content/EngineMaterials/PreintegratedSkinBRDF.uexp" 356
"../../../Engine/Plugins/Runtime/MeshModelingToolset/Content/Materials/M_DynamicMeshComponentVtxColor.uasset" 357
"../../../Engine/Plugins/Runtime/MeshModelingToolset/Content/Materials/M_DynamicMeshComponentVtxColor.uexp" 358
"../../../Engine/Plugins/Runtime/HairStrands/Content/Materials/HairMeshesDefaultMaterial.uasset" 359
"../../../Engine/Plugins/Runtime/HairStrands/Content/Materials/HairMeshesDefaultMaterial.uexp" 360
"../../../Engine/Plugins/Runtime/HairStrands/Content/Materials/HairDefaultMaterial.uasset" 361
"../../../Engine/Plugins/Runtime/HairStrands/Content/Materials/HairDefaultMaterial.uexp" 362
"../../../Engine/Plugins/Runtime/HairStrands/Content/Materials/HairGroupColors.uasset" 363
"../../../Engine/Plugins/Runtime/HairStrands/Content/Materials/HairGroupColors.uexp" 364
"../../../Engine/Content/EngineMaterials/HairColorMap.uasset" 365
"../../../Engine/Content/EngineMaterials/HairColorMap.uexp" 366
"../../../Engine/Content/EngineMaterials/HairDebugColor.uasset" 367
"../../../Engine/Content/EngineMaterials/HairDebugColor.uexp" 368
"../../../Engine/Plugins/Runtime/HairStrands/Content/Materials/HairDebugMaterial.uasset" 369
"../../../Engine/Plugins/Runtime/HairStrands/Content/Materials/HairDebugMaterial.uexp" 370
"../../../Engine/Plugins/Runtime/HairStrands/Content/Materials/HairCardsDefaultMaterial.uasset" 371
"../../../Engine/Plugins/Runtime/HairStrands/Content/Materials/HairCardsDefaultMaterial.uexp" 372
"../../../Engine/Plugins/Marketplace/MetaXR/Content/Materials/PokeAHoleMaterial.uasset" 373
"../../../Engine/Plugins/Marketplace/MetaXR/Content/Materials/PokeAHoleMaterial.uexp" 374
"../../../Engine/Plugins/Marketplace/MetaXR/Content/Materials/OculusMR_OpaqueColoredMaterial.uasset" 375
"../../../Engine/Plugins/Marketplace/MetaXR/Content/Materials/OculusMR_OpaqueColoredMaterial.uexp" 376
"../../../Engine/Content/Functions/Engine_MaterialFunctions01/Shading/ConvertFromDiffSpec.uasset" 377
"../../../Engine/Content/Functions/Engine_MaterialFunctions01/Shading/ConvertFromDiffSpec.uexp" 378
"../../../Engine/Content/EngineMaterials/DefaultNormal.ubulk" 379
"../../../Engine/Content/EngineMaterials/DefaultNormal.uasset" 380
"../../../Engine/Content/EngineMaterials/DefaultNormal.uexp" 381
"../../../Engine/Content/EngineResources/DefaultTexture.ubulk" 382
"../../../Engine/Content/EngineResources/DefaultTexture.uasset" 383
"../../../Engine/Content/EngineResources/DefaultTexture.uexp" 384
"../../../Engine/Content/EngineMaterials/BaseFlattenLinearColor.uasset" 385
"../../../Engine/Content/EngineMaterials/BaseFlattenLinearColor.uexp" 386
"../../../Engine/Content/EngineMaterials/DefaultDiffuse.ubulk" 387
"../../../Engine/Content/EngineMaterials/DefaultDiffuse.uasset" 388
"../../../Engine/Content/EngineMaterials/DefaultDiffuse.uexp" 389
"../../../Engine/Content/Functions/Engine_MaterialFunctions02/ExampleContent/DebugNumberStrip.uasset" 390
"../../../Engine/Content/Functions/Engine_MaterialFunctions02/ExampleContent/DebugNumberStrip.uexp" 391
"../../../Engine/Content/Functions/Engine_MaterialFunctions01/Texturing/ComputeMipLevel.uasset" 392
"../../../Engine/Content/Functions/Engine_MaterialFunctions01/Texturing/ComputeMipLevel.uexp" 393
"../../../Engine/Content/Functions/Engine_MaterialFunctions01/Texturing/TextureCropping.uasset" 394
"../../../Engine/Content/Functions/Engine_MaterialFunctions01/Texturing/TextureCropping.uexp" 395
"../../../Engine/Content/Functions/Engine_MaterialFunctions02/ExampleContent/Textures/DebugNumberPeriod.uasset" 396
"../../../Engine/Content/Functions/Engine_MaterialFunctions02/ExampleContent/Textures/DebugNumberPeriod.uexp" 397
"../../../Engine/Content/Functions/Engine_MaterialFunctions02/Utility/DebugScalarValues.uasset" 398
"../../../Engine/Content/Functions/Engine_MaterialFunctions02/Utility/DebugScalarValues.uexp" 399
"../../../Engine/Content/Functions/Engine_MaterialFunctions02/Utility/DebugFloat3Values.uasset" 400
"../../../Engine/Content/Functions/Engine_MaterialFunctions02/Utility/DebugFloat3Values.uexp" 401
"../../../Engine/Content/EngineResources/WhiteSquareTexture.uasset" 402
"../../../Engine/Content/EngineResources/WhiteSquareTexture.uexp" 403
"../../../Engine/Content/EngineMaterials/FlatNormal.uasset" 404
"../../../Engine/Content/EngineMaterials/FlatNormal.uexp" 405
"../../../Engine/Content/Functions/Engine_MaterialFunctions03/Math/RemapValueRange.uasset" 406
"../../../Engine/Content/Functions/Engine_MaterialFunctions03/Math/RemapValueRange.uexp" 407
"../../../Engine/Content/Functions/Engine_MaterialFunctions02/Math/AddComponents.uasset" 408
"../../../Engine/Content/Functions/Engine_MaterialFunctions02/Math/AddComponents.uexp" 409
"../../../Engine/Content/Functions/Engine_MaterialFunctions02/Utility/BreakOutFloat2Components.uasset" 410
"../../../Engine/Content/Functions/Engine_MaterialFunctions02/Utility/BreakOutFloat2Components.uexp" 411
"../../../Engine/Content/Functions/Engine_MaterialFunctions02/Utility/CameraDirectionVector.uasset" 412
"../../../Engine/Content/Functions/Engine_MaterialFunctions02/Utility/CameraDirectionVector.uexp" 413
"../../../Engine/Content/Functions/Engine_MaterialFunctions01/Volumetrics/BeersLaw.uasset" 414
"../../../Engine/Content/Functions/Engine_MaterialFunctions01/Volumetrics/BeersLaw.uexp" 415
"../../../Engine/Content/EngineMaterials/Good64x64TilingNoiseHighFreq.uasset" 416
"../../../Engine/Content/EngineMaterials/Good64x64TilingNoiseHighFreq.uexp" 417
"../../../Engine/Content/Functions/Engine_MaterialFunctions02/Texturing/ScreenAlignedPixelToPixelUVs.uasset" 418
"../../../Engine/Content/Functions/Engine_MaterialFunctions02/Texturing/ScreenAlignedPixelToPixelUVs.uexp" 419
"../../../Engine/Content/Functions/Engine_MaterialFunctions01/ImageAdjustment/sRGBToLinear.uasset" 420
"../../../Engine/Content/Functions/Engine_MaterialFunctions01/ImageAdjustment/sRGBToLinear.uexp" 421
"../../../Engine/Plugins/Importers/USDImporter/Content/Materials/DisplayColor.uasset" 422
"../../../Engine/Plugins/Importers/USDImporter/Content/Materials/DisplayColor.uexp" 423
"../../../Engine/Content/Functions/Engine_MaterialFunctions01/Texturing/FlattenNormal.uasset" 424
"../../../Engine/Content/Functions/Engine_MaterialFunctions01/Texturing/FlattenNormal.uexp" 425
"../../../Engine/Content/Functions/Engine_MaterialFunctions02/ObjectLocalBounds.uasset" 426
"../../../Engine/Content/Functions/Engine_MaterialFunctions02/ObjectLocalBounds.uexp" 427
"../../../Engine/Plugins/Editor/SpeedTreeImporter/Content/SpeedTree9/game_wind_noise.ubulk" 428
"../../../Engine/Plugins/Editor/SpeedTreeImporter/Content/SpeedTree9/game_wind_noise.uasset" 429
"../../../Engine/Plugins/Editor/SpeedTreeImporter/Content/SpeedTree9/game_wind_noise.uexp" 430
"../../../Engine/Plugins/Editor/SpeedTreeImporter/Content/SpeedTree9/UnpackDirection.uasset" 431
"../../../Engine/Plugins/Editor/SpeedTreeImporter/Content/SpeedTree9/UnpackDirection.uexp" 432
"../../../Engine/Content/Functions/Engine_MaterialFunctions02/UVs/BoundingBoxBased_0-1_UVW.uasset" 433
"../../../Engine/Content/Functions/Engine_MaterialFunctions02/UVs/BoundingBoxBased_0-1_UVW.uexp" 434
"../../../Engine/Content/Functions/Engine_MaterialFunctions02/Utility/VectorLength.uasset" 435
"../../../Engine/Content/Functions/Engine_MaterialFunctions02/Utility/VectorLength.uexp" 436
"../../../Engine/Plugins/Editor/SpeedTreeImporter/Content/SpeedTree9/UnpackInteger3.uasset" 437
"../../../Engine/Plugins/Editor/SpeedTreeImporter/Content/SpeedTree9/UnpackInteger3.uexp" 438
"../../../Engine/Plugins/Editor/SpeedTreeImporter/Content/SpeedTree9/SpeedTreeCameraFacing.uasset" 439
"../../../Engine/Plugins/Editor/SpeedTreeImporter/Content/SpeedTree9/SpeedTreeCameraFacing.uexp" 440
"../../../Engine/Content/Functions/Engine_MaterialFunctions02/WorldPositionOffset/ObjectScale.uasset" 441
"../../../Engine/Content/Functions/Engine_MaterialFunctions02/WorldPositionOffset/ObjectScale.uexp" 442
"../../../Engine/Plugins/Editor/SpeedTreeImporter/Content/SpeedTree9/SpeedTreeWindMotion.uasset" 443
"../../../Engine/Plugins/Editor/SpeedTreeImporter/Content/SpeedTree9/SpeedTreeWindMotion.uexp" 444
"../../../Engine/Plugins/Editor/SpeedTreeImporter/Content/SpeedTree9/SpeedTreeBranchMotion.uasset" 445
"../../../Engine/Plugins/Editor/SpeedTreeImporter/Content/SpeedTree9/SpeedTreeBranchMotion.uexp" 446
"../../../Engine/Plugins/Editor/SpeedTreeImporter/Content/SpeedTree9/SpeedTreeWind.uasset" 447
"../../../Engine/Plugins/Editor/SpeedTreeImporter/Content/SpeedTree9/SpeedTreeWind.uexp" 448
"../../../Engine/Plugins/Editor/SpeedTreeImporter/Content/SpeedTree9/EmptyNormal.uasset" 449
"../../../Engine/Plugins/Editor/SpeedTreeImporter/Content/SpeedTree9/EmptyNormal.uexp" 450
"../../../Engine/Plugins/Editor/SpeedTreeImporter/Content/SpeedTree9/Empty.uasset" 451
"../../../Engine/Plugins/Editor/SpeedTreeImporter/Content/SpeedTree9/Empty.uexp" 452
"../../../Engine/Plugins/Editor/SpeedTreeImporter/Content/SpeedTree9/SpeedTreeMaster.uasset" 453
"../../../Engine/Plugins/Editor/SpeedTreeImporter/Content/SpeedTree9/SpeedTreeMaster.uexp" 454
"../../../Engine/Plugins/Editor/SpeedTreeImporter/Content/SpeedTree9/SpeedTreeBillboard.uasset" 455
"../../../Engine/Plugins/Editor/SpeedTreeImporter/Content/SpeedTree9/SpeedTreeBillboard.uexp" 456
"../../../Engine/Plugins/Editor/SpeedTreeImporter/Content/SpeedTree9/SpeedTreeBillboardMaster.uasset" 457
"../../../Engine/Plugins/Editor/SpeedTreeImporter/Content/SpeedTree9/SpeedTreeBillboardMaster.uexp" 458
"../../../Engine/Plugins/Animation/DeformerGraph/Content/Deformers/DG_LinearBlendSkin_Morph_Cloth_RecomputeNormals.uasset" 459
"../../../Engine/Plugins/Animation/DeformerGraph/Content/Deformers/DG_LinearBlendSkin_Morph_Cloth_RecomputeNormals.uexp" 460
"../../../Engine/Plugins/Animation/DeformerGraph/Content/Deformers/DG_LinearBlendSkin_Morph_Cloth.uasset" 461
"../../../Engine/Plugins/Animation/DeformerGraph/Content/Deformers/DG_LinearBlendSkin_Morph_Cloth.uexp" 462
"../../../Engine/Content/Functions/Engine_MaterialFunctions02/WorldPositionOffset/CameraOffset.uasset" 463
"../../../Engine/Content/Functions/Engine_MaterialFunctions02/WorldPositionOffset/CameraOffset.uexp" 464
"../../../Engine/Plugins/Animation/ControlRig/Content/M_Manip.uasset" 465
"../../../Engine/Plugins/Animation/ControlRig/Content/M_Manip.uexp" 466
"../../../Engine/Plugins/Animation/ControlRig/Content/Controls/DefaultGizmoLibraryNormalized.uasset" 467
"../../../Engine/Plugins/Animation/ControlRig/Content/Controls/DefaultGizmoLibraryNormalized.uexp" 468
"../../../Engine/Plugins/Animation/ControlRig/Content/Controls/ControlRig_Wedge_solid.ubulk" 469
"../../../Engine/Plugins/Animation/ControlRig/Content/Controls/ControlRig_Wedge_solid.uasset" 470
"../../../Engine/Plugins/Animation/ControlRig/Content/Controls/ControlRig_Wedge_solid.uexp" 471
"../../../Engine/Plugins/Animation/ControlRig/Content/Controls/ControlRig_Wedge_3mm.ubulk" 472
"../../../Engine/Plugins/Animation/ControlRig/Content/Controls/ControlRig_Wedge_3mm.uasset" 473
"../../../Engine/Plugins/Animation/ControlRig/Content/Controls/ControlRig_Wedge_3mm.uexp" 474
"../../../Engine/Plugins/Animation/ControlRig/Content/Controls/ControlRig_Wedge_1mm.ubulk" 475
"../../../Engine/Plugins/Animation/ControlRig/Content/Controls/ControlRig_Wedge_1mm.uasset" 476
"../../../Engine/Plugins/Animation/ControlRig/Content/Controls/ControlRig_Wedge_1mm.uexp" 477
"../../../Engine/Plugins/Animation/ControlRig/Content/Controls/ControlRig_Triangle_solid.ubulk" 478
"../../../Engine/Plugins/Animation/ControlRig/Content/Controls/ControlRig_Triangle_solid.uasset" 479
"../../../Engine/Plugins/Animation/ControlRig/Content/Controls/ControlRig_Triangle_solid.uexp" 480
"../../../Engine/Plugins/Animation/ControlRig/Content/Controls/ControlRig_Triangle_3mm.ubulk" 481
"../../../Engine/Plugins/Animation/ControlRig/Content/Controls/ControlRig_Triangle_3mm.uasset" 482
"../../../Engine/Plugins/Animation/ControlRig/Content/Controls/ControlRig_Triangle_3mm.uexp" 483
"../../../Engine/Plugins/Animation/ControlRig/Content/Controls/ControlRig_Triangle_1mm.ubulk" 484
"../../../Engine/Plugins/Animation/ControlRig/Content/Controls/ControlRig_Triangle_1mm.uasset" 485
"../../../Engine/Plugins/Animation/ControlRig/Content/Controls/ControlRig_Triangle_1mm.uexp" 486
"../../../Engine/Plugins/Animation/ControlRig/Content/Controls/ControlRig_Star4_solid.ubulk" 487
"../../../Engine/Plugins/Animation/ControlRig/Content/Controls/ControlRig_Star4_solid.uasset" 488
"../../../Engine/Plugins/Animation/ControlRig/Content/Controls/ControlRig_Star4_solid.uexp" 489
"../../../Engine/Plugins/Animation/ControlRig/Content/Controls/ControlRig_Star4_3mm.ubulk" 490
"../../../Engine/Plugins/Animation/ControlRig/Content/Controls/ControlRig_Star4_3mm.uasset" 491
"../../../Engine/Plugins/Animation/ControlRig/Content/Controls/ControlRig_Star4_3mm.uexp" 492
"../../../Engine/Plugins/Animation/ControlRig/Content/Controls/ControlRig_Star4_1mm.ubulk" 493
"../../../Engine/Plugins/Animation/ControlRig/Content/Controls/ControlRig_Star4_1mm.uasset" 494
"../../../Engine/Plugins/Animation/ControlRig/Content/Controls/ControlRig_Star4_1mm.uexp" 495
"../../../Engine/Plugins/Animation/ControlRig/Content/Controls/ControlRig_Square_solid.ubulk" 496
"../../../Engine/Plugins/Animation/ControlRig/Content/Controls/ControlRig_Square_solid.uasset" 497
"../../../Engine/Plugins/Animation/ControlRig/Content/Controls/ControlRig_Square_solid.uexp" 498
"../../../Engine/Plugins/Animation/ControlRig/Content/Controls/ControlRig_Square_3mm.ubulk" 499
"../../../Engine/Plugins/Animation/ControlRig/Content/Controls/ControlRig_Square_3mm.uasset" 500
"../../../Engine/Plugins/Animation/ControlRig/Content/Controls/ControlRig_Square_3mm.uexp" 501
"../../../Engine/Plugins/Animation/ControlRig/Content/Controls/ControlRig_Square_1mm.ubulk" 502
"../../../Engine/Plugins/Animation/ControlRig/Content/Controls/ControlRig_Square_1mm.uasset" 503
"../../../Engine/Plugins/Animation/ControlRig/Content/Controls/ControlRig_Square_1mm.uexp" 504
"../../../Engine/Plugins/Animation/ControlRig/Content/Controls/ControlRig_Sphere_solid.ubulk" 505
"../../../Engine/Plugins/Animation/ControlRig/Content/Controls/ControlRig_Sphere_solid.uasset" 506
"../../../Engine/Plugins/Animation/ControlRig/Content/Controls/ControlRig_Sphere_solid.uexp" 507
"../../../Engine/Plugins/Animation/ControlRig/Content/Controls/ControlRig_Sphere_3mm.ubulk" 508
"../../../Engine/Plugins/Animation/ControlRig/Content/Controls/ControlRig_Sphere_3mm.uasset" 509
"../../../Engine/Plugins/Animation/ControlRig/Content/Controls/ControlRig_Sphere_3mm.uexp" 510
"../../../Engine/Plugins/Animation/ControlRig/Content/Controls/ControlRig_Sphere_1mm.ubulk" 511
"../../../Engine/Plugins/Animation/ControlRig/Content/Controls/ControlRig_Sphere_1mm.uasset" 512
"../../../Engine/Plugins/Animation/ControlRig/Content/Controls/ControlRig_Sphere_1mm.uexp" 513
"../../../Engine/Plugins/Animation/ControlRig/Content/Controls/ControlRig_RoundedTriangle_solid.ubulk" 514
"../../../Engine/Plugins/Animation/ControlRig/Content/Controls/ControlRig_RoundedTriangle_solid.uasset" 515
"../../../Engine/Plugins/Animation/ControlRig/Content/Controls/ControlRig_RoundedTriangle_solid.uexp" 516
"../../../Engine/Plugins/Animation/ControlRig/Content/Controls/ControlRig_RoundedTriangle_3mm.ubulk" 517
"../../../Engine/Plugins/Animation/ControlRig/Content/Controls/ControlRig_RoundedTriangle_3mm.uasset" 518
"../../../Engine/Plugins/Animation/ControlRig/Content/Controls/ControlRig_RoundedTriangle_3mm.uexp" 519
"../../../Engine/Plugins/Animation/ControlRig/Content/Controls/ControlRig_RoundedTriangle_1mm.ubulk" 520
"../../../Engine/Plugins/Animation/ControlRig/Content/Controls/ControlRig_RoundedTriangle_1mm.uasset" 521
"../../../Engine/Plugins/Animation/ControlRig/Content/Controls/ControlRig_RoundedTriangle_1mm.uexp" 522
"../../../Engine/Plugins/Animation/ControlRig/Content/Controls/ControlRig_RoundedSquare_solid.ubulk" 523
"../../../Engine/Plugins/Animation/ControlRig/Content/Controls/ControlRig_RoundedSquare_solid.uasset" 524
"../../../Engine/Plugins/Animation/ControlRig/Content/Controls/ControlRig_RoundedSquare_solid.uexp" 525
"../../../Engine/Plugins/Animation/ControlRig/Content/Controls/ControlRig_RoundedSquare_3mm.ubulk" 526
"../../../Engine/Plugins/Animation/ControlRig/Content/Controls/ControlRig_RoundedSquare_3mm.uasset" 527
"../../../Engine/Plugins/Animation/ControlRig/Content/Controls/ControlRig_RoundedSquare_3mm.uexp" 528
"../../../Engine/Plugins/Animation/ControlRig/Content/Controls/ControlRig_RoundedSquare_1mm.ubulk" 529
"../../../Engine/Plugins/Animation/ControlRig/Content/Controls/ControlRig_RoundedSquare_1mm.uasset" 530
"../../../Engine/Plugins/Animation/ControlRig/Content/Controls/ControlRig_RoundedSquare_1mm.uexp" 531
"../../../Engine/Plugins/Animation/ControlRig/Content/Controls/ControlRig_QuarterCircle_solid.ubulk" 532
"../../../Engine/Plugins/Animation/ControlRig/Content/Controls/ControlRig_QuarterCircle_solid.uasset" 533
"../../../Engine/Plugins/Animation/ControlRig/Content/Controls/ControlRig_QuarterCircle_solid.uexp" 534
"../../../Engine/Plugins/Animation/ControlRig/Content/Controls/ControlRig_QuarterCircle_3mm.ubulk" 535
"../../../Engine/Plugins/Animation/ControlRig/Content/Controls/ControlRig_QuarterCircle_3mm.uasset" 536
"../../../Engine/Plugins/Animation/ControlRig/Content/Controls/ControlRig_QuarterCircle_3mm.uexp" 537
"../../../Engine/Plugins/Animation/ControlRig/Content/Controls/ControlRig_QuarterCircle_1mm.ubulk" 538
"../../../Engine/Plugins/Animation/ControlRig/Content/Controls/ControlRig_QuarterCircle_1mm.uasset" 539
"../../../Engine/Plugins/Animation/ControlRig/Content/Controls/ControlRig_QuarterCircle_1mm.uexp" 540
"../../../Engine/Plugins/Animation/ControlRig/Content/Controls/ControlRig_Pyramid_solid.ubulk" 541
"../../../Engine/Plugins/Animation/ControlRig/Content/Controls/ControlRig_Pyramid_solid.uasset" 542
"../../../Engine/Plugins/Animation/ControlRig/Content/Controls/ControlRig_Pyramid_solid.uexp" 543
"../../../Engine/Plugins/Animation/ControlRig/Content/Controls/ControlRig_Pyramid_3mm.ubulk" 544
"../../../Engine/Plugins/Animation/ControlRig/Content/Controls/ControlRig_Pyramid_3mm.uasset" 545
"../../../Engine/Plugins/Animation/ControlRig/Content/Controls/ControlRig_Pyramid_3mm.uexp" 546
"../../../Engine/Plugins/Animation/ControlRig/Content/Controls/ControlRig_Pyramid_1mm.ubulk" 547
"../../../Engine/Plugins/Animation/ControlRig/Content/Controls/ControlRig_Pyramid_1mm.uasset" 548
"../../../Engine/Plugins/Animation/ControlRig/Content/Controls/ControlRig_Pyramid_1mm.uexp" 549
"../../../Engine/Plugins/Animation/ControlRig/Content/Controls/ControlRig_Octagon_solid.ubulk" 550
"../../../Engine/Plugins/Animation/ControlRig/Content/Controls/ControlRig_Octagon_solid.uasset" 551
"../../../Engine/Plugins/Animation/ControlRig/Content/Controls/ControlRig_Octagon_solid.uexp" 552
"../../../Engine/Plugins/Animation/ControlRig/Content/Controls/ControlRig_Octagon_3mm.ubulk" 553
"../../../Engine/Plugins/Animation/ControlRig/Content/Controls/ControlRig_Octagon_3mm.uasset" 554
"../../../Engine/Plugins/Animation/ControlRig/Content/Controls/ControlRig_Octagon_3mm.uexp" 555
"../../../Engine/Plugins/Animation/ControlRig/Content/Controls/ControlRig_Octagon_1mm.ubulk" 556
"../../../Engine/Plugins/Animation/ControlRig/Content/Controls/ControlRig_Octagon_1mm.uasset" 557
"../../../Engine/Plugins/Animation/ControlRig/Content/Controls/ControlRig_Octagon_1mm.uexp" 558
"../../../Engine/Plugins/Animation/ControlRig/Content/Controls/ControlRig_Hexagon_solid.ubulk" 559
"../../../Engine/Plugins/Animation/ControlRig/Content/Controls/ControlRig_Hexagon_solid.uasset" 560
"../../../Engine/Plugins/Animation/ControlRig/Content/Controls/ControlRig_Hexagon_solid.uexp" 561
"../../../Engine/Plugins/Animation/ControlRig/Content/Controls/ControlRig_Hexagon_3mm.ubulk" 562
"../../../Engine/Plugins/Animation/ControlRig/Content/Controls/ControlRig_Hexagon_3mm.uasset" 563
"../../../Engine/Plugins/Animation/ControlRig/Content/Controls/ControlRig_Hexagon_3mm.uexp" 564
"../../../Engine/Plugins/Animation/ControlRig/Content/Controls/ControlRig_Hexagon_1mm.ubulk" 565
"../../../Engine/Plugins/Animation/ControlRig/Content/Controls/ControlRig_Hexagon_1mm.uasset" 566
"../../../Engine/Plugins/Animation/ControlRig/Content/Controls/ControlRig_Hexagon_1mm.uexp" 567
"../../../Engine/Plugins/Animation/ControlRig/Content/Controls/ControlRig_HalfCircle_solid.ubulk" 568
"../../../Engine/Plugins/Animation/ControlRig/Content/Controls/ControlRig_HalfCircle_solid.uasset" 569
"../../../Engine/Plugins/Animation/ControlRig/Content/Controls/ControlRig_HalfCircle_solid.uexp" 570
"../../../Engine/Plugins/Animation/ControlRig/Content/Controls/ControlRig_HalfCircle_3mm.ubulk" 571
"../../../Engine/Plugins/Animation/ControlRig/Content/Controls/ControlRig_HalfCircle_3mm.uasset" 572
"../../../Engine/Plugins/Animation/ControlRig/Content/Controls/ControlRig_HalfCircle_3mm.uexp" 573
"../../../Engine/Plugins/Animation/ControlRig/Content/Controls/ControlRig_HalfCircle_1mm.ubulk" 574
"../../../Engine/Plugins/Animation/ControlRig/Content/Controls/ControlRig_HalfCircle_1mm.uasset" 575
"../../../Engine/Plugins/Animation/ControlRig/Content/Controls/ControlRig_HalfCircle_1mm.uexp" 576
"../../../Engine/Plugins/Animation/ControlRig/Content/Controls/ControlRig_Diamond_solid.ubulk" 577
"../../../Engine/Plugins/Animation/ControlRig/Content/Controls/ControlRig_Diamond_solid.uasset" 578
"../../../Engine/Plugins/Animation/ControlRig/Content/Controls/ControlRig_Diamond_solid.uexp" 579
"../../../Engine/Plugins/Animation/ControlRig/Content/Controls/ControlRig_Diamond_3mm.ubulk" 580
"../../../Engine/Plugins/Animation/ControlRig/Content/Controls/ControlRig_Diamond_3mm.uasset" 581
"../../../Engine/Plugins/Animation/ControlRig/Content/Controls/ControlRig_Diamond_3mm.uexp" 582
"../../../Engine/Plugins/Animation/ControlRig/Content/Controls/ControlRig_Diamond_1mm.ubulk" 583
"../../../Engine/Plugins/Animation/ControlRig/Content/Controls/ControlRig_Diamond_1mm.uasset" 584
"../../../Engine/Plugins/Animation/ControlRig/Content/Controls/ControlRig_Diamond_1mm.uexp" 585
"../../../Engine/Plugins/Animation/ControlRig/Content/Controls/ControlRig_Circle_solid.ubulk" 586
"../../../Engine/Plugins/Animation/ControlRig/Content/Controls/ControlRig_Circle_solid.uasset" 587
"../../../Engine/Plugins/Animation/ControlRig/Content/Controls/ControlRig_Circle_solid.uexp" 588
"../../../Engine/Plugins/Animation/ControlRig/Content/Controls/ControlRig_Circle_3mm.ubulk" 589
"../../../Engine/Plugins/Animation/ControlRig/Content/Controls/ControlRig_Circle_3mm.uasset" 590
"../../../Engine/Plugins/Animation/ControlRig/Content/Controls/ControlRig_Circle_3mm.uexp" 591
"../../../Engine/Plugins/Animation/ControlRig/Content/Controls/ControlRig_Circle_1mm.ubulk" 592
"../../../Engine/Plugins/Animation/ControlRig/Content/Controls/ControlRig_Circle_1mm.uasset" 593
"../../../Engine/Plugins/Animation/ControlRig/Content/Controls/ControlRig_Circle_1mm.uexp" 594
"../../../Engine/Plugins/Animation/ControlRig/Content/Controls/ControlRig_Box_solid.ubulk" 595
"../../../Engine/Plugins/Animation/ControlRig/Content/Controls/ControlRig_Box_solid.uasset" 596
"../../../Engine/Plugins/Animation/ControlRig/Content/Controls/ControlRig_Box_solid.uexp" 597
"../../../Engine/Plugins/Animation/ControlRig/Content/Controls/ControlRig_Box_3mm.ubulk" 598
"../../../Engine/Plugins/Animation/ControlRig/Content/Controls/ControlRig_Box_3mm.uasset" 599
"../../../Engine/Plugins/Animation/ControlRig/Content/Controls/ControlRig_Box_3mm.uexp" 600
"../../../Engine/Plugins/Animation/ControlRig/Content/Controls/ControlRig_Box_1mm.ubulk" 601
"../../../Engine/Plugins/Animation/ControlRig/Content/Controls/ControlRig_Box_1mm.uasset" 602
"../../../Engine/Plugins/Animation/ControlRig/Content/Controls/ControlRig_Box_1mm.uexp" 603
"../../../Engine/Plugins/Animation/ControlRig/Content/Controls/ControlRig_Arrow_solid.ubulk" 604
"../../../Engine/Plugins/Animation/ControlRig/Content/Controls/ControlRig_Arrow_solid.uasset" 605
"../../../Engine/Plugins/Animation/ControlRig/Content/Controls/ControlRig_Arrow_solid.uexp" 606
"../../../Engine/Plugins/Animation/ControlRig/Content/Controls/ControlRig_Arrow_3mm.ubulk" 607
"../../../Engine/Plugins/Animation/ControlRig/Content/Controls/ControlRig_Arrow_3mm.uasset" 608
"../../../Engine/Plugins/Animation/ControlRig/Content/Controls/ControlRig_Arrow_3mm.uexp" 609
"../../../Engine/Plugins/Animation/ControlRig/Content/Controls/ControlRig_Arrow_1mm.ubulk" 610
"../../../Engine/Plugins/Animation/ControlRig/Content/Controls/ControlRig_Arrow_1mm.uasset" 611
"../../../Engine/Plugins/Animation/ControlRig/Content/Controls/ControlRig_Arrow_1mm.uexp" 612
"../../../Engine/Plugins/Animation/ControlRig/Content/Controls/ControlRig_Arrow4_solid.ubulk" 613
"../../../Engine/Plugins/Animation/ControlRig/Content/Controls/ControlRig_Arrow4_solid.uasset" 614
"../../../Engine/Plugins/Animation/ControlRig/Content/Controls/ControlRig_Arrow4_solid.uexp" 615
"../../../Engine/Plugins/Animation/ControlRig/Content/Controls/ControlRig_Arrow4_3mm.ubulk" 616
"../../../Engine/Plugins/Animation/ControlRig/Content/Controls/ControlRig_Arrow4_3mm.uasset" 617
"../../../Engine/Plugins/Animation/ControlRig/Content/Controls/ControlRig_Arrow4_3mm.uexp" 618
"../../../Engine/Plugins/Animation/ControlRig/Content/Controls/ControlRig_Arrow4_1mm.ubulk" 619
"../../../Engine/Plugins/Animation/ControlRig/Content/Controls/ControlRig_Arrow4_1mm.uasset" 620
"../../../Engine/Plugins/Animation/ControlRig/Content/Controls/ControlRig_Arrow4_1mm.uexp" 621
"../../../Engine/Plugins/Animation/ControlRig/Content/Controls/ControlRig_Arrow2_solid.ubulk" 622
"../../../Engine/Plugins/Animation/ControlRig/Content/Controls/ControlRig_Arrow2_solid.uasset" 623
"../../../Engine/Plugins/Animation/ControlRig/Content/Controls/ControlRig_Arrow2_solid.uexp" 624
"../../../Engine/Plugins/Animation/ControlRig/Content/Controls/ControlRig_Arrow2_3mm.ubulk" 625
"../../../Engine/Plugins/Animation/ControlRig/Content/Controls/ControlRig_Arrow2_3mm.uasset" 626
"../../../Engine/Plugins/Animation/ControlRig/Content/Controls/ControlRig_Arrow2_3mm.uexp" 627
"../../../Engine/Plugins/Animation/ControlRig/Content/Controls/ControlRig_Arrow2_1mm.ubulk" 628
"../../../Engine/Plugins/Animation/ControlRig/Content/Controls/ControlRig_Arrow2_1mm.uasset" 629
"../../../Engine/Plugins/Animation/ControlRig/Content/Controls/ControlRig_Arrow2_1mm.uexp" 630
"../../../Engine/Plugins/Animation/ControlRig/Content/Controls/ControlRigXRayMaterial.uasset" 631
"../../../Engine/Plugins/Animation/ControlRig/Content/Controls/ControlRigXRayMaterial.uexp" 632
"../../../Engine/Plugins/Animation/ControlRig/Content/Controls/ControlRigGizmoMaterial.uasset" 633
"../../../Engine/Plugins/Animation/ControlRig/Content/Controls/ControlRigGizmoMaterial.uexp" 634
"../../../Engine/Plugins/2D/Paper2D/Content/PlaceholderTextures/DummySpriteTexture.ubulk" 635
"../../../Engine/Plugins/2D/Paper2D/Content/PlaceholderTextures/DummySpriteTexture.uasset" 636
"../../../Engine/Plugins/2D/Paper2D/Content/PlaceholderTextures/DummySpriteTexture.uexp" 637
"../../../Engine/Plugins/2D/Paper2D/Content/DefaultSpriteMaterial.uasset" 638
"../../../Engine/Plugins/2D/Paper2D/Content/DefaultSpriteMaterial.uexp" 639
"../../../Engine/Plugins/2D/Paper2D/Content/OpaqueUnlitSpriteMaterial.uasset" 640
"../../../Engine/Plugins/2D/Paper2D/Content/OpaqueUnlitSpriteMaterial.uexp" 641
"../../../Engine/Plugins/2D/Paper2D/Content/MaskedUnlitSpriteMaterial.uasset" 642
"../../../Engine/Plugins/2D/Paper2D/Content/MaskedUnlitSpriteMaterial.uexp" 643
"../../../Engine/Plugins/2D/Paper2D/Content/DummySprite.uasset" 644
"../../../Engine/Plugins/2D/Paper2D/Content/DummySprite.uexp" 645
"../../../Engine/Plugins/2D/Paper2D/Content/DefaultPaperTerrainMaterial.uasset" 646
"../../../Engine/Plugins/2D/Paper2D/Content/DefaultPaperTerrainMaterial.uexp" 647
"../../../Engine/Content/VREditor/TransformGizmo/StartRotationHandleIndicator.ubulk" 648
"../../../Engine/Content/VREditor/TransformGizmo/StartRotationHandleIndicator.uasset" 649
"../../../Engine/Content/VREditor/TransformGizmo/StartRotationHandleIndicator.uexp" 650
"../../../Engine/Content/VREditor/Sounds/UI/Drop_Item_From_ContentBrowser.ubulk" 651
"../../../Engine/Content/VREditor/Sounds/UI/Drop_Item_From_ContentBrowser.uasset" 652
"../../../Engine/Content/VREditor/Sounds/UI/Drop_Item_From_ContentBrowser.uexp" 653
"../../../Engine/Content/VREditor/TransformGizmo/PlaneTranslationHandle.ubulk" 654
"../../../Engine/Content/VREditor/TransformGizmo/PlaneTranslationHandle.uasset" 655
"../../../Engine/Content/VREditor/TransformGizmo/PlaneTranslationHandle.uexp" 656
"../../../Engine/Content/VREditor/Sounds/UI/Object_Snaps_To_Grid.ubulk" 657
"../../../Engine/Content/VREditor/Sounds/UI/Object_Snaps_To_Grid.uasset" 658
"../../../Engine/Content/VREditor/Sounds/UI/Object_Snaps_To_Grid.uexp" 659
"../../../Engine/Content/VREditor/Sounds/UI/Selection_Changes.ubulk" 660
"../../../Engine/Content/VREditor/Sounds/UI/Selection_Changes.uasset" 661
"../../../Engine/Content/VREditor/Sounds/UI/Selection_Changes.uexp" 662
"../../../Engine/Content/VREditor/Sounds/UI/Object_Snaps_To_Another_Actor.ubulk" 663
"../../../Engine/Content/VREditor/Sounds/UI/Object_Snaps_To_Another_Actor.uasset" 664
"../../../Engine/Content/VREditor/Sounds/UI/Object_Snaps_To_Another_Actor.uexp" 665
"../../../Engine/Content/VREditor/TransformGizmo/TranslucentTransformGizmoMaterial_Inst.uasset" 666
"../../../Engine/Content/VREditor/TransformGizmo/TranslucentTransformGizmoMaterial_Inst.uexp" 667
"../../../Engine/Content/VREditor/TransformGizmo/TransformGizmoFreeRotation.ubulk" 668
"../../../Engine/Content/VREditor/TransformGizmo/TransformGizmoFreeRotation.uasset" 669
"../../../Engine/Content/VREditor/TransformGizmo/TransformGizmoFreeRotation.uexp" 670
"../../../Engine/Content/VREditor/Sounds/UI/Scaling_Down.ubulk" 671
"../../../Engine/Content/VREditor/Sounds/UI/Scaling_Down.uasset" 672
"../../../Engine/Content/VREditor/Sounds/UI/Scaling_Down.uexp" 673
"../../../Engine/Content/VREditor/SnapGrid/SnapGridMaterial.uasset" 674
"../../../Engine/Content/VREditor/SnapGrid/SnapGridMaterial.uexp" 675
"../../../Engine/Content/VREditor/SnapGrid/SnapGridPlaneMesh.ubulk" 676
"../../../Engine/Content/VREditor/SnapGrid/SnapGridPlaneMesh.uasset" 677
"../../../Engine/Content/VREditor/SnapGrid/SnapGridPlaneMesh.uexp" 678
"../../../Engine/Content/VREditor/Sounds/UI/Scaling_Up.ubulk" 679
"../../../Engine/Content/VREditor/Sounds/UI/Scaling_Up.uasset" 680
"../../../Engine/Content/VREditor/Sounds/UI/Scaling_Up.uexp" 681
"../../../Engine/Content/VREditor/TransformGizmo/TransformGizmoMaterial_Inst.uasset" 682
"../../../Engine/Content/VREditor/TransformGizmo/TransformGizmoMaterial_Inst.uexp" 683
"../../../Engine/Content/VREditor/Sounds/UI/Gizmo_Handle_Clicked.ubulk" 684
"../../../Engine/Content/VREditor/Sounds/UI/Gizmo_Handle_Clicked.uasset" 685
"../../../Engine/Content/VREditor/Sounds/UI/Gizmo_Handle_Clicked.uexp" 686
"../../../Engine/Content/VREditor/TransformGizmo/RotationHandleQuarter.ubulk" 687
"../../../Engine/Content/VREditor/TransformGizmo/RotationHandleQuarter.uasset" 688
"../../../Engine/Content/VREditor/TransformGizmo/RotationHandleQuarter.uexp" 689
"../../../Engine/Content/VREditor/TransformGizmo/TranslateArrowHandle.ubulk" 690
"../../../Engine/Content/VREditor/TransformGizmo/TranslateArrowHandle.uasset" 691
"../../../Engine/Content/VREditor/TransformGizmo/TranslateArrowHandle.uexp" 692
"../../../Engine/Content/VREditor/TransformGizmo/RotationHandleIndicator.ubulk" 693
"../../../Engine/Content/VREditor/TransformGizmo/RotationHandleIndicator.uasset" 694
"../../../Engine/Content/VREditor/TransformGizmo/RotationHandleIndicator.uexp" 695
"../../../Engine/Content/VREditor/TransformGizmo/UniformScaleHandle.ubulk" 696
"../../../Engine/Content/VREditor/TransformGizmo/UniformScaleHandle.uasset" 697
"../../../Engine/Content/VREditor/TransformGizmo/UniformScaleHandle.uexp" 698
"../../../Engine/Content/VREditor/TransformGizmo/RotationHandleFull.ubulk" 699
"../../../Engine/Content/VREditor/TransformGizmo/RotationHandleFull.uasset" 700
"../../../Engine/Content/VREditor/TransformGizmo/RotationHandleFull.uexp" 701
"../../../Engine/Content/VREditor/Sounds/UI/Object_PickUp.ubulk" 702
"../../../Engine/Content/VREditor/Sounds/UI/Object_PickUp.uasset" 703
"../../../Engine/Content/VREditor/Sounds/UI/Object_PickUp.uexp" 704
"../../../Engine/Content/MobileResources/HUD/VirtualJoystick_Background.uasset" 705
"../../../Engine/Content/MobileResources/HUD/VirtualJoystick_Background.uexp" 706
"../../../Engine/Content/MobileResources/HUD/VirtualJoystick_Thumb.uasset" 707
"../../../Engine/Content/MobileResources/HUD/VirtualJoystick_Thumb.uexp" 708
"../../../Engine/Content/MobileResources/HUD/DefaultVirtualJoysticks.uasset" 709
"../../../Engine/Content/MobileResources/HUD/DefaultVirtualJoysticks.uexp" 710
"../../../Engine/Content/EngineSky/VolumetricClouds/CloudWeatherTexture.uasset" 711
"../../../Engine/Content/EngineSky/VolumetricClouds/CloudWeatherTexture.uexp" 712
"../../../Engine/Content/EngineSky/VolumetricClouds/CloudGradientTexture.uasset" 713
"../../../Engine/Content/EngineSky/VolumetricClouds/CloudGradientTexture.uexp" 714
"../../../Engine/Content/EngineSky/VolumetricClouds/T_NoiseShape64.ubulk" 715
"../../../Engine/Content/EngineSky/VolumetricClouds/T_NoiseShape64.uasset" 716
"../../../Engine/Content/EngineSky/VolumetricClouds/T_NoiseShape64.uexp" 717
"../../../Engine/Content/EngineSky/VolumetricClouds/T_VolumeNoiseShape64.uasset" 718
"../../../Engine/Content/EngineSky/VolumetricClouds/T_VolumeNoiseShape64.uexp" 719
"../../../Engine/Content/EngineSky/VolumetricClouds/T_NoiseErosion.ubulk" 720
"../../../Engine/Content/EngineSky/VolumetricClouds/T_NoiseErosion.uasset" 721
"../../../Engine/Content/EngineSky/VolumetricClouds/T_NoiseErosion.uexp" 722
"../../../Engine/Content/EngineSky/VolumetricClouds/T_VolumeNoiseErosion32.uasset" 723
"../../../Engine/Content/EngineSky/VolumetricClouds/T_VolumeNoiseErosion32.uexp" 724
"../../../Engine/Content/EngineSky/VolumetricClouds/m_SimpleVolumetricCloud.uasset" 725
"../../../Engine/Content/EngineSky/VolumetricClouds/m_SimpleVolumetricCloud.uexp" 726
"../../../Engine/Content/EngineSky/VolumetricClouds/m_SimpleVolumetricCloud_Inst.uasset" 727
"../../../Engine/Content/EngineSky/VolumetricClouds/m_SimpleVolumetricCloud_Inst.uexp" 728
"../../../Engine/Content/EngineResources/FilmGrains/Marcie_Grain_v3_128_M2_000.uasset" 729
"../../../Engine/Content/EngineResources/FilmGrains/Marcie_Grain_v3_128_M2_000.uexp" 730
"../../../Engine/Content/EngineMaterials/Widget3DPassThrough.uasset" 731
"../../../Engine/Content/EngineMaterials/Widget3DPassThrough.uexp" 732
"../../../Engine/Content/EngineMaterials/Widget3DPassThrough_Translucent.uasset" 733
"../../../Engine/Content/EngineMaterials/Widget3DPassThrough_Translucent.uexp" 734
"../../../Engine/Content/EngineMaterials/Widget3DPassThrough_Translucent_OneSided.uasset" 735
"../../../Engine/Content/EngineMaterials/Widget3DPassThrough_Translucent_OneSided.uexp" 736
"../../../Engine/Content/EngineMaterials/Widget3DPassThrough_Opaque.uasset" 737
"../../../Engine/Content/EngineMaterials/Widget3DPassThrough_Opaque.uexp" 738
"../../../Engine/Content/EngineMaterials/Widget3DPassThrough_Opaque_OneSided.uasset" 739
"../../../Engine/Content/EngineMaterials/Widget3DPassThrough_Opaque_OneSided.uexp" 740
"../../../Engine/Content/EngineMaterials/Widget3DPassThrough_Masked_OneSided.uasset" 741
"../../../Engine/Content/EngineMaterials/Widget3DPassThrough_Masked_OneSided.uexp" 742
"../../../Engine/Content/EngineMaterials/Widget3DPassThrough_Masked.uasset" 743
"../../../Engine/Content/EngineMaterials/Widget3DPassThrough_Masked.uexp" 744
"../../../Engine/Content/EngineMaterials/STBlueNoise_vec2_128x128x64.uasset" 745
"../../../Engine/Content/EngineMaterials/STBlueNoise_vec2_128x128x64.uexp" 746
"../../../Engine/Content/EngineMaterials/STBlueNoise_scalar_128x128x64.uasset" 747
"../../../Engine/Content/EngineMaterials/STBlueNoise_scalar_128x128x64.uexp" 748
"../../../Engine/Content/EngineMaterials/RemoveSurfaceMaterial.uasset" 749
"../../../Engine/Content/EngineMaterials/RemoveSurfaceMaterial.uexp" 750
"../../../Engine/Content/EngineMaterials/DefaultCalibrationGrayscale.uasset" 751
"../../../Engine/Content/EngineMaterials/DefaultCalibrationGrayscale.uexp" 752
"../../../Engine/Content/EngineMaterials/PPM_DefaultCalibrationGrayscale.uasset" 753
"../../../Engine/Content/EngineMaterials/PPM_DefaultCalibrationGrayscale.uexp" 754
"../../../Engine/Content/EngineMaterials/DefaultCalibrationColor.uasset" 755
"../../../Engine/Content/EngineMaterials/DefaultCalibrationColor.uexp" 756
"../../../Engine/Content/EngineMaterials/PPM_DefaultCalibrationColor.uasset" 757
"../../../Engine/Content/EngineMaterials/PPM_DefaultCalibrationColor.uexp" 758
"../../../Engine/Content/EngineMaterials/PhAT_JointLimitMaterial.uasset" 759
"../../../Engine/Content/EngineMaterials/PhAT_JointLimitMaterial.uexp" 760
"../../../Engine/Content/EngineMaterials/NaniteHiddenSectionMaterial.uasset" 761
"../../../Engine/Content/EngineMaterials/NaniteHiddenSectionMaterial.uexp" 762
"../../../Engine/Content/EngineMaterials/InvalidLightmapSettings.ubulk" 763
"../../../Engine/Content/EngineMaterials/InvalidLightmapSettings.uasset" 764
"../../../Engine/Content/EngineMaterials/InvalidLightmapSettings.uexp" 765
"../../../Engine/Content/EngineMaterials/M_InvalidLightmapSettings.uasset" 766
"../../../Engine/Content/EngineMaterials/M_InvalidLightmapSettings.uexp" 767
"../../../Engine/Content/EngineMaterials/GizmoMaterial.uasset" 768
"../../../Engine/Content/EngineMaterials/GizmoMaterial.uexp" 769
"../../../Engine/Content/EngineMaterials/BaseFlattenEmissiveMap_VT.uasset" 770
"../../../Engine/Content/EngineMaterials/BaseFlattenEmissiveMap_VT.uexp" 771
"../../../Engine/Content/EngineMaterials/BaseFlattenGrayscaleMap_VT.uasset" 772
"../../../Engine/Content/EngineMaterials/BaseFlattenGrayscaleMap_VT.uexp" 773
"../../../Engine/Content/EngineMaterials/BaseFlattenLinearColor_VT.uasset" 774
"../../../Engine/Content/EngineMaterials/BaseFlattenLinearColor_VT.uexp" 775
"../../../Engine/Content/EngineMaterials/Black_1x1_EXR_Texture_VT.uasset" 776
"../../../Engine/Content/EngineMaterials/Black_1x1_EXR_Texture_VT.uexp" 777
"../../../Engine/Content/EngineMaterials/BaseFlattenDiffuseMap_VT.uasset" 778
"../../../Engine/Content/EngineMaterials/BaseFlattenDiffuseMap_VT.uexp" 779
"../../../Engine/Content/EngineMaterials/BaseFlattenNormalMap_VT.uasset" 780
"../../../Engine/Content/EngineMaterials/BaseFlattenNormalMap_VT.uexp" 781
"../../../Engine/Content/EngineMaterials/FlattenMaterial_WS_Normal_VT.uasset" 782
"../../../Engine/Content/EngineMaterials/FlattenMaterial_WS_Normal_VT.uexp" 783
"../../../Engine/Content/EngineMaterials/FlattenMaterial_VT.uasset" 784
"../../../Engine/Content/EngineMaterials/FlattenMaterial_VT.uexp" 785
"../../../Engine/Content/EngineMaterials/BaseFlattenGrayscaleMap.uasset" 786
"../../../Engine/Content/EngineMaterials/BaseFlattenGrayscaleMap.uexp" 787
"../../../Engine/Content/EngineMaterials/BaseFlattenDiffuseMap.uasset" 788
"../../../Engine/Content/EngineMaterials/BaseFlattenDiffuseMap.uexp" 789
"../../../Engine/Content/Functions/Engine_MaterialFunctions02/PivotPainter2/Black_1x1_EXR_Texture.uasset" 790
"../../../Engine/Content/Functions/Engine_MaterialFunctions02/PivotPainter2/Black_1x1_EXR_Texture.uexp" 791
"../../../Engine/Content/EngineMaterials/BaseFlattenEmissiveMap.uasset" 792
"../../../Engine/Content/EngineMaterials/BaseFlattenEmissiveMap.uexp" 793
"../../../Engine/Content/EngineMaterials/FlattenMaterial.uasset" 794
"../../../Engine/Content/EngineMaterials/FlattenMaterial.uexp" 795
"../../../Engine/Content/EngineMaterials/DefaultWhiteGrid_Low.uasset" 796
"../../../Engine/Content/EngineMaterials/DefaultWhiteGrid_Low.uexp" 797
"../../../Engine/Content/EngineMaterials/EmissiveMeshMaterial.uasset" 798
"../../../Engine/Content/EngineMaterials/EmissiveMeshMaterial.uexp" 799
"../../../Engine/Content/EngineFonts/RobotoDistanceField.uasset" 800
"../../../Engine/Content/EngineFonts/RobotoDistanceField.uexp" 801
"../../../Engine/Content/EngineMaterials/DefaultTextMaterialOpaque.uasset" 802
"../../../Engine/Content/EngineMaterials/DefaultTextMaterialOpaque.uexp" 803
"../../../Engine/Content/EngineMaterials/DefaultPostProcessMaterial.uasset" 804
"../../../Engine/Content/EngineMaterials/DefaultPostProcessMaterial.uexp" 805
"../../../Engine/Content/EngineMaterials/DefaultLightFunctionMaterial.uasset" 806
"../../../Engine/Content/EngineMaterials/DefaultLightFunctionMaterial.uexp" 807
"../../../Engine/Content/EngineMaterials/DefaultDeferredDecalMaterial.uasset" 808
"../../../Engine/Content/EngineMaterials/DefaultDeferredDecalMaterial.uexp" 809
"../../../Engine/Content/EngineMaterials/DefaultBloomKernel.uasset" 810
"../../../Engine/Content/EngineMaterials/DefaultBloomKernel.uexp" 811
"../../../Engine/Content/EngineFonts/Faces/RobotoLight.uexp" 812
"../../../Engine/Content/EngineFonts/Faces/RobotoLight.uasset" 813
"../../../Engine/Content/EngineFonts/Faces/RobotoLight.ufont" 814
"../../../Engine/Content/EngineFonts/Faces/RobotoBold.uexp" 815
"../../../Engine/Content/EngineFonts/Faces/RobotoBold.uasset" 816
"../../../Engine/Content/EngineFonts/Faces/RobotoBold.ufont" 817
"../../../Engine/Content/EngineFonts/Faces/RobotoRegular.uexp" 818
"../../../Engine/Content/EngineFonts/Faces/RobotoRegular.uasset" 819
"../../../Engine/Content/EngineFonts/Faces/RobotoRegular.ufont" 820
"../../../Engine/Content/EngineFonts/Faces/DroidSansFallback.uexp" 821
"../../../Engine/Content/EngineFonts/Faces/DroidSansFallback.uasset" 822
"../../../Engine/Content/EngineFonts/Faces/DroidSansFallback.ufont" 823
"../../../Engine/Content/EngineFonts/Faces/RobotoItalic.uexp" 824
"../../../Engine/Content/EngineFonts/Faces/RobotoItalic.uasset" 825
"../../../Engine/Content/EngineFonts/Faces/RobotoItalic.ufont" 826
"../../../Engine/Content/EngineFonts/Faces/RobotoBoldItalic.uexp" 827
"../../../Engine/Content/EngineFonts/Faces/RobotoBoldItalic.uasset" 828
"../../../Engine/Content/EngineFonts/Faces/RobotoBoldItalic.ufont" 829
"../../../Engine/Content/EngineFonts/Roboto.uasset" 830
"../../../Engine/Content/EngineFonts/Roboto.uexp" 831
"../../../Engine/Content/EngineDebugMaterials/VolumeToRender.uasset" 832
"../../../Engine/Content/EngineDebugMaterials/VolumeToRender.uexp" 833
"../../../Engine/Content/EngineDebugMaterials/M_VolumeRenderSphereTracePP.uasset" 834
"../../../Engine/Content/EngineDebugMaterials/M_VolumeRenderSphereTracePP.uexp" 835
"../../../Engine/Content/EngineDebugMaterials/M_SimpleUnlitTranslucent.uasset" 836
"../../../Engine/Content/EngineDebugMaterials/M_SimpleUnlitTranslucent.uexp" 837
"../../../Engine/Content/EngineDebugMaterials/DebugMeshMaterial.uasset" 838
"../../../Engine/Content/EngineDebugMaterials/DebugMeshMaterial.uexp" 839
"../../../Engine/Content/EngineDebugMaterials/DebugEditorMaterial.uasset" 840
"../../../Engine/Content/EngineDebugMaterials/DebugEditorMaterial.uexp" 841
"../../../Engine/Content/EngineDamageTypes/DmgTypeBP_Environmental.uasset" 842
"../../../Engine/Content/EngineDamageTypes/DmgTypeBP_Environmental.uexp" 843
"../../../Engine/Content/EditorResources/S_Terrain.ubulk" 844
"../../../Engine/Content/EditorResources/S_Terrain.uasset" 845
"../../../Engine/Content/EditorResources/S_Terrain.uexp" 846
"../../../Engine/Content/EditorResources/EmptyActor.uasset" 847
"../../../Engine/Content/EditorResources/EmptyActor.uexp" 848
"../../../Engine/Content/EditorResources/BSPVertex.uasset" 849
"../../../Engine/Content/EditorResources/BSPVertex.uexp" 850
"../../../Engine/Content/EditorResources/SequenceRecorder/RecordingIndicator.uasset" 851
"../../../Engine/Content/EditorResources/SequenceRecorder/RecordingIndicator.uexp" 852
"../../../Engine/Content/EditorResources/SequenceRecorder/Countdown.uasset" 853
"../../../Engine/Content/EditorResources/SequenceRecorder/Countdown.uexp" 854
"../../../Engine/Content/EditorMaterials/PreviewShadowIndicator.ubulk" 855
"../../../Engine/Content/EditorMaterials/PreviewShadowIndicator.uasset" 856
"../../../Engine/Content/EditorMaterials/PreviewShadowIndicator.uexp" 857
"../../../Engine/Content/EditorMaterials/PreviewShadowIndicatorMaterial.uasset" 858
"../../../Engine/Content/EditorMaterials/PreviewShadowIndicatorMaterial.uexp" 859
"../../../Engine/Content/EditorMaterials/PhAT_UnselectedMaterial.uasset" 860
"../../../Engine/Content/EditorMaterials/PhAT_UnselectedMaterial.uexp" 861
"../../../Engine/Content/EditorMaterials/PhAT_NoCollisionMaterial.uasset" 862
"../../../Engine/Content/EditorMaterials/PhAT_NoCollisionMaterial.uexp" 863
"../../../Engine/Content/EditorMaterials/Dataflow/DataflowVertexMaterial.uasset" 864
"../../../Engine/Content/EditorMaterials/Dataflow/DataflowVertexMaterial.uexp" 865
"../../../Engine/Content/EditorLandscapeResources/DefaultAlphaTexture.uasset" 866
"../../../Engine/Content/EditorLandscapeResources/DefaultAlphaTexture.uexp" 867
"../../../Engine/Content/EditorLandscapeResources/DataLayer.uasset" 868
"../../../Engine/Content/EditorLandscapeResources/DataLayer.uexp" 869
"../../../Engine/Content/EngineMaterials/DefaultMaterial.uasset" 870
"../../../Engine/Content/EngineMaterials/DefaultMaterial.uexp" 871
"../../../Engine/Content/BasicShapes/Cylinder.ubulk" 872
"../../../Engine/Content/BasicShapes/Cylinder.uasset" 873
"../../../Engine/Content/BasicShapes/Cylinder.uexp" 874
"../../../Engine/Content/BasicShapes/Cone.ubulk" 875
"../../../Engine/Content/BasicShapes/Cone.uasset" 876
"../../../Engine/Content/BasicShapes/Cone.uexp" 877
"../../../Engine/Content/Functions/Engine_MaterialFunctions01/Shading/PowerToRoughness.uasset" 878
"../../../Engine/Content/Functions/Engine_MaterialFunctions01/Shading/PowerToRoughness.uexp" 879
"../../../Engine/Content/EngineMaterials/Substrate/Volume/SubstrateSimpleVolumeLUT3D.uasset" 880
"../../../Engine/Content/EngineMaterials/Substrate/Volume/SubstrateSimpleVolumeLUT3D.uexp" 881
"../../../Engine/Content/EngineMaterials/Substrate/Volume/SubstrateSimpleVolumeEnvLUT3D.uasset" 882
"../../../Engine/Content/EngineMaterials/Substrate/Volume/SubstrateSimpleVolumeEnvLUT3D.uexp" 883
"../../../Engine/Content/EngineMaterials/Substrate/GLints2/AGlintTex2dArray2.uasset" 884
"../../../Engine/Content/EngineMaterials/Substrate/GLints2/AGlintTex2dArray2.uexp" 885
"../../../Engine/Content/EngineMaterials/Substrate/GLints/AGlintTex2dArray.uasset" 886
"../../../Engine/Content/EngineMaterials/Substrate/GLints/AGlintTex2dArray.uexp" 887
"../../../Engine/Content/BasicShapes/Plane.ubulk" 888
"../../../Engine/Content/BasicShapes/Plane.uasset" 889
"../../../Engine/Content/BasicShapes/Plane.uexp" 890
"../../../Engine/Content/BasicShapes/Sphere.ubulk" 891
"../../../Engine/Content/BasicShapes/Sphere.uasset" 892
"../../../Engine/Content/BasicShapes/Sphere.uexp" 893
"F:/UnrealProjects/Wizard_Dormitory/Content/VRTemplate/Materials/DefaultRibbonMaterial_NoGradient.uasset" 894
"F:/UnrealProjects/Wizard_Dormitory/Content/VRTemplate/Materials/DefaultRibbonMaterial_NoGradient.uexp" 895
"F:/UnrealProjects/Wizard_Dormitory/Content/VRTemplate/VFX/NS_MenuLaser.uasset" 896
"F:/UnrealProjects/Wizard_Dormitory/Content/VRTemplate/VFX/NS_MenuLaser.uexp" 897
"F:/UnrealProjects/Wizard_Dormitory/Content/Image/StartBackGraound.uasset" 898
"F:/UnrealProjects/Wizard_Dormitory/Content/Image/StartBackGraound.uexp" 899
"F:/UnrealProjects/Wizard_Dormitory/Content/SFX/SFX_Click.ubulk" 900
"F:/UnrealProjects/Wizard_Dormitory/Content/SFX/SFX_Click.uasset" 901
"F:/UnrealProjects/Wizard_Dormitory/Content/SFX/SFX_Click.uexp" 902
"F:/UnrealProjects/Wizard_Dormitory/Content/Material/Material_Text/roughness_noise.ubulk" 903
"F:/UnrealProjects/Wizard_Dormitory/Content/Material/Material_Text/roughness_noise.uasset" 904
"F:/UnrealProjects/Wizard_Dormitory/Content/Material/Material_Text/roughness_noise.uexp" 905
"F:/UnrealProjects/Wizard_Dormitory/Content/Material/Material_Text/M_WidgetText.uasset" 906
"F:/UnrealProjects/Wizard_Dormitory/Content/Material/Material_Text/M_WidgetText.uexp" 907
"F:/UnrealProjects/Wizard_Dormitory/Content/Material/Material_Text/M_WidgetText_Inst.uasset" 908
"F:/UnrealProjects/Wizard_Dormitory/Content/Material/Material_Text/M_WidgetText_Inst.uexp" 909
"F:/UnrealProjects/Wizard_Dormitory/Content/Image/Button_Crop.uasset" 910
"F:/UnrealProjects/Wizard_Dormitory/Content/Image/Button_Crop.uexp" 911
"F:/UnrealProjects/Wizard_Dormitory/Content/Font/PlayfairDisplay-VariableFont_wght.uexp" 912
"F:/UnrealProjects/Wizard_Dormitory/Content/Font/PlayfairDisplay-VariableFont_wght.uasset" 913
"F:/UnrealProjects/Wizard_Dormitory/Content/Font/PlayfairDisplay-VariableFont_wght.ufont" 914
"F:/UnrealProjects/Wizard_Dormitory/Content/Font/PlayfairDisplay-VariableFont_wght_Font.uasset" 915
"F:/UnrealProjects/Wizard_Dormitory/Content/Font/PlayfairDisplay-VariableFont_wght_Font.uexp" 916
"F:/UnrealProjects/Wizard_Dormitory/Content/Image/Loding_Dot.uasset" 917
"F:/UnrealProjects/Wizard_Dormitory/Content/Image/Loding_Dot.uexp" 918
"F:/UnrealProjects/Wizard_Dormitory/Content/Image/Loading.uasset" 919
"F:/UnrealProjects/Wizard_Dormitory/Content/Image/Loading.uexp" 920
"F:/UnrealProjects/Wizard_Dormitory/Content/Blueprints/UMG/UMG_Loading.uasset" 921
"F:/UnrealProjects/Wizard_Dormitory/Content/Blueprints/UMG/UMG_Loading.uexp" 922
"F:/UnrealProjects/Wizard_Dormitory/Content/System/Enum/E_Map.uasset" 923
"F:/UnrealProjects/Wizard_Dormitory/Content/System/Enum/E_Map.uexp" 924
"F:/UnrealProjects/Wizard_Dormitory/Content/System/BP_GameInstance.uasset" 925
"F:/UnrealProjects/Wizard_Dormitory/Content/System/BP_GameInstance.uexp" 926
"F:/UnrealProjects/Wizard_Dormitory/Content/Font/Cafe24Supermagic-Bold-v1_0.uexp" 927
"F:/UnrealProjects/Wizard_Dormitory/Content/Font/Cafe24Supermagic-Bold-v1_0.uasset" 928
"F:/UnrealProjects/Wizard_Dormitory/Content/Font/Cafe24Supermagic-Bold-v1_0.ufont" 929
"F:/UnrealProjects/Wizard_Dormitory/Content/Font/Cafe24Supermagic-Bold-v1_0_Font.uasset" 930
"F:/UnrealProjects/Wizard_Dormitory/Content/Font/Cafe24Supermagic-Bold-v1_0_Font.uexp" 931
"F:/UnrealProjects/Wizard_Dormitory/Content/Blueprints/UMG/UMG_ClearStage.uasset" 932
"F:/UnrealProjects/Wizard_Dormitory/Content/Blueprints/UMG/UMG_ClearStage.uexp" 933
"F:/UnrealProjects/Wizard_Dormitory/Content/VRTemplate/Input/Actions/IA_Menu_Interact_Right.uasset" 934
"F:/UnrealProjects/Wizard_Dormitory/Content/VRTemplate/Input/Actions/IA_Menu_Interact_Right.uexp" 935
"F:/UnrealProjects/Wizard_Dormitory/Content/VRTemplate/Input/Actions/IA_Menu_Cursor_Left.uasset" 936
"F:/UnrealProjects/Wizard_Dormitory/Content/VRTemplate/Input/Actions/IA_Menu_Cursor_Left.uexp" 937
"F:/UnrealProjects/Wizard_Dormitory/Content/VRTemplate/Input/Actions/IA_Menu_Cursor_Right.uasset" 938
"F:/UnrealProjects/Wizard_Dormitory/Content/VRTemplate/Input/Actions/IA_Menu_Cursor_Right.uexp" 939
"F:/UnrealProjects/Wizard_Dormitory/Content/VRTemplate/Input/Actions/IA_Menu_Interact_Left.uasset" 940
"F:/UnrealProjects/Wizard_Dormitory/Content/VRTemplate/Input/Actions/IA_Menu_Interact_Left.uexp" 941
"F:/UnrealProjects/Wizard_Dormitory/Content/VRTemplate/Input/IMC_Menu.uasset" 942
"F:/UnrealProjects/Wizard_Dormitory/Content/VRTemplate/Input/IMC_Menu.uexp" 943
"F:/UnrealProjects/Wizard_Dormitory/Content/VRTemplate/Materials/M_VRCursor.uasset" 944
"F:/UnrealProjects/Wizard_Dormitory/Content/VRTemplate/Materials/M_VRCursor.uexp" 945
"F:/UnrealProjects/Wizard_Dormitory/Content/Blueprints/Menu/Menu_ClearMap.uasset" 946
"F:/UnrealProjects/Wizard_Dormitory/Content/Blueprints/Menu/Menu_ClearMap.uexp" 947
"F:/UnrealProjects/Wizard_Dormitory/Content/VFX/symbol/Texture/T_Bake_Final.ubulk" 948
"F:/UnrealProjects/Wizard_Dormitory/Content/VFX/symbol/Texture/T_Bake_Final.uasset" 949
"F:/UnrealProjects/Wizard_Dormitory/Content/VFX/symbol/Texture/T_Bake_Final.uexp" 950
"F:/UnrealProjects/Wizard_Dormitory/Content/VFX/symbol/Material/M_SelestarGradient.uasset" 951
"F:/UnrealProjects/Wizard_Dormitory/Content/VFX/symbol/Material/M_SelestarGradient.uexp" 952
"F:/UnrealProjects/Wizard_Dormitory/Content/VFX/symbol/Material/M_Ring_fade.uasset" 953
"F:/UnrealProjects/Wizard_Dormitory/Content/VFX/symbol/Material/M_Ring_fade.uexp" 954
"F:/UnrealProjects/Wizard_Dormitory/Content/VFX/symbol/Mesh/Salestar_v_3.ubulk" 955
"F:/UnrealProjects/Wizard_Dormitory/Content/VFX/symbol/Mesh/Salestar_v_3.uasset" 956
"F:/UnrealProjects/Wizard_Dormitory/Content/VFX/symbol/Mesh/Salestar_v_3.uexp" 957
"../../../Engine/Content/Functions/Engine_MaterialFunctions02/ExampleContent/Textures/LowResBlurredNoise.uasset" 958
"../../../Engine/Content/Functions/Engine_MaterialFunctions02/ExampleContent/Textures/LowResBlurredNoise.uexp" 959
"F:/UnrealProjects/Wizard_Dormitory/Content/VFX/symbol/Material/M_Cylender.uasset" 960
"F:/UnrealProjects/Wizard_Dormitory/Content/VFX/symbol/Material/M_Cylender.uexp" 961
"../../../Engine/Content/Functions/Engine_MaterialFunctions01/Density/ExponentialDensity.uasset" 962
"../../../Engine/Content/Functions/Engine_MaterialFunctions01/Density/ExponentialDensity.uexp" 963
"../../../Engine/Content/Functions/Engine_MaterialFunctions01/Texturing/ScaleUVsByCenter.uasset" 964
"../../../Engine/Content/Functions/Engine_MaterialFunctions01/Texturing/ScaleUVsByCenter.uexp" 965
"../../../Engine/Content/Functions/Engine_MaterialFunctions01/Gradient/RadialGradientExponential.uasset" 966
"../../../Engine/Content/Functions/Engine_MaterialFunctions01/Gradient/RadialGradientExponential.uexp" 967
"F:/UnrealProjects/Wizard_Dormitory/Content/VFX/symbol/Material/M_Star_Ring.uasset" 968
"F:/UnrealProjects/Wizard_Dormitory/Content/VFX/symbol/Material/M_Star_Ring.uexp" 969
"F:/UnrealProjects/Wizard_Dormitory/Content/VFX/symbol/Texture/T_Sky_512x512_Transparent.uasset" 970
"F:/UnrealProjects/Wizard_Dormitory/Content/VFX/symbol/Texture/T_Sky_512x512_Transparent.uexp" 971
"F:/UnrealProjects/Wizard_Dormitory/Content/VFX/symbol/Material/M_Stars.uasset" 972
"F:/UnrealProjects/Wizard_Dormitory/Content/VFX/symbol/Material/M_Stars.uexp" 973
"F:/UnrealProjects/Wizard_Dormitory/Content/VFX/symbol/Mesh/Cylinder_B49D6086.ubulk" 974
"F:/UnrealProjects/Wizard_Dormitory/Content/VFX/symbol/Mesh/Cylinder_B49D6086.uasset" 975
"F:/UnrealProjects/Wizard_Dormitory/Content/VFX/symbol/Mesh/Cylinder_B49D6086.uexp" 976
"F:/UnrealProjects/Wizard_Dormitory/Content/VFX/symbol/Material/M_Ring.uasset" 977
"F:/UnrealProjects/Wizard_Dormitory/Content/VFX/symbol/Material/M_Ring.uexp" 978
"F:/UnrealProjects/Wizard_Dormitory/Content/VFX/symbol/Material/M_Radial_dissolve.uasset" 979
"F:/UnrealProjects/Wizard_Dormitory/Content/VFX/symbol/Material/M_Radial_dissolve.uexp" 980
"F:/UnrealProjects/Wizard_Dormitory/Content/VFX/symbol/Texture/T_Resized_Sharpened_1024x1024__2_.ubulk" 981
"F:/UnrealProjects/Wizard_Dormitory/Content/VFX/symbol/Texture/T_Resized_Sharpened_1024x1024__2_.uasset" 982
"F:/UnrealProjects/Wizard_Dormitory/Content/VFX/symbol/Texture/T_Resized_Sharpened_1024x1024__2_.uexp" 983
"F:/UnrealProjects/Wizard_Dormitory/Content/VFX/symbol/Material/M_base_shape.uasset" 984
"F:/UnrealProjects/Wizard_Dormitory/Content/VFX/symbol/Material/M_base_shape.uexp" 985
"F:/UnrealProjects/Wizard_Dormitory/Content/VFX/symbol/NS_Celesta.uasset" 986
"F:/UnrealProjects/Wizard_Dormitory/Content/VFX/symbol/NS_Celesta.uexp" 987
"F:/UnrealProjects/Wizard_Dormitory/Content/NPC/Material/M_Hair01.uasset" 988
"F:/UnrealProjects/Wizard_Dormitory/Content/NPC/Material/M_Hair01.uexp" 989
"F:/UnrealProjects/Wizard_Dormitory/Content/NPC/Mesh/Hair/SM_Hair_01.ubulk" 990
"F:/UnrealProjects/Wizard_Dormitory/Content/NPC/Mesh/Hair/SM_Hair_01.uasset" 991
"F:/UnrealProjects/Wizard_Dormitory/Content/NPC/Mesh/Hair/SM_Hair_01.uexp" 992
"F:/UnrealProjects/Wizard_Dormitory/Content/NPC/Material/M_Hair02.uasset" 993
"F:/UnrealProjects/Wizard_Dormitory/Content/NPC/Material/M_Hair02.uexp" 994
"F:/UnrealProjects/Wizard_Dormitory/Content/NPC/Mesh/Hair/SM_Hair_02_Unlike.ubulk" 995
"F:/UnrealProjects/Wizard_Dormitory/Content/NPC/Mesh/Hair/SM_Hair_02_Unlike.uasset" 996
"F:/UnrealProjects/Wizard_Dormitory/Content/NPC/Mesh/Hair/SM_Hair_02_Unlike.uexp" 997
"F:/UnrealProjects/Wizard_Dormitory/Content/StarterContent/Textures/T_Fire_Tiled_D.ubulk" 998
"F:/UnrealProjects/Wizard_Dormitory/Content/StarterContent/Textures/T_Fire_Tiled_D.uasset" 999
"F:/UnrealProjects/Wizard_Dormitory/Content/StarterContent/Textures/T_Fire_Tiled_D.uexp" 1000
"F:/UnrealProjects/Wizard_Dormitory/Content/StarterContent/Textures/T_Fire_SubUV.ubulk" 1001
"F:/UnrealProjects/Wizard_Dormitory/Content/StarterContent/Textures/T_Fire_SubUV.uasset" 1002
"F:/UnrealProjects/Wizard_Dormitory/Content/StarterContent/Textures/T_Fire_SubUV.uexp" 1003
"F:/UnrealProjects/Wizard_Dormitory/Content/StarterContent/Particles/Materials/M_Fire_SubUV.uasset" 1004
"F:/UnrealProjects/Wizard_Dormitory/Content/StarterContent/Particles/Materials/M_Fire_SubUV.uexp" 1005
"../../../Engine/Plugins/FX/Niagara/Content/VectorFields/Assets/TilingCurl32.uasset" 1006
"../../../Engine/Plugins/FX/Niagara/Content/VectorFields/Assets/TilingCurl32.uexp" 1007
"../../../Engine/Plugins/ChaosVD/Content/Materials/ChaosVDInstanced.uasset" 1008
"../../../Engine/Plugins/ChaosVD/Content/Materials/ChaosVDInstanced.uexp" 1009
"F:/UnrealProjects/Wizard_Dormitory/Content/StarterContent/Textures/T_Metal_Gold_N.ubulk" 1010
"F:/UnrealProjects/Wizard_Dormitory/Content/StarterContent/Textures/T_Metal_Gold_N.uasset" 1011
"F:/UnrealProjects/Wizard_Dormitory/Content/StarterContent/Textures/T_Metal_Gold_N.uexp" 1012
"F:/UnrealProjects/Wizard_Dormitory/Content/StarterContent/Textures/T_MacroVariation.uasset" 1013
"F:/UnrealProjects/Wizard_Dormitory/Content/StarterContent/Textures/T_MacroVariation.uexp" 1014
"F:/UnrealProjects/Wizard_Dormitory/Content/StarterContent/Textures/T_Metal_Gold_D.ubulk" 1015
"F:/UnrealProjects/Wizard_Dormitory/Content/StarterContent/Textures/T_Metal_Gold_D.uasset" 1016
"F:/UnrealProjects/Wizard_Dormitory/Content/StarterContent/Textures/T_Metal_Gold_D.uexp" 1017
"F:/UnrealProjects/Wizard_Dormitory/Content/StarterContent/Materials/M_Metal_Gold1.uasset" 1018
"F:/UnrealProjects/Wizard_Dormitory/Content/StarterContent/Materials/M_Metal_Gold1.uexp" 1019
"F:/UnrealProjects/Wizard_Dormitory/Content/StarterContent/Materials/M_Metal_Gold.uasset" 1020
"F:/UnrealProjects/Wizard_Dormitory/Content/StarterContent/Materials/M_Metal_Gold.uexp" 1021
"F:/UnrealProjects/Wizard_Dormitory/Content/VFX/symbol/Mesh/SM_Luminas.ubulk" 1022
"F:/UnrealProjects/Wizard_Dormitory/Content/VFX/symbol/Mesh/SM_Luminas.uasset" 1023
"F:/UnrealProjects/Wizard_Dormitory/Content/VFX/symbol/Mesh/SM_Luminas.uexp" 1024
"F:/UnrealProjects/Wizard_Dormitory/Content/VFX/symbol/NS_Luminous2.uasset" 1025
"F:/UnrealProjects/Wizard_Dormitory/Content/VFX/symbol/NS_Luminous2.uexp" 1026
"F:/UnrealProjects/Wizard_Dormitory/Content/NPC/Material/M_Hair04.uasset" 1027
"F:/UnrealProjects/Wizard_Dormitory/Content/NPC/Material/M_Hair04.uexp" 1028
"F:/UnrealProjects/Wizard_Dormitory/Content/NPC/Mesh/Hair/SM_Hair_04_Unlike.ubulk" 1029
"F:/UnrealProjects/Wizard_Dormitory/Content/NPC/Mesh/Hair/SM_Hair_04_Unlike.uasset" 1030
"F:/UnrealProjects/Wizard_Dormitory/Content/NPC/Mesh/Hair/SM_Hair_04_Unlike.uexp" 1031
"F:/UnrealProjects/Wizard_Dormitory/Content/NPC/Mesh/Hair/SM_Hair_02.ubulk" 1032
"F:/UnrealProjects/Wizard_Dormitory/Content/NPC/Mesh/Hair/SM_Hair_02.uasset" 1033
"F:/UnrealProjects/Wizard_Dormitory/Content/NPC/Mesh/Hair/SM_Hair_02.uexp" 1034
"F:/UnrealProjects/Wizard_Dormitory/Content/NPC/Material/M_Hair03.uasset" 1035
"F:/UnrealProjects/Wizard_Dormitory/Content/NPC/Material/M_Hair03.uexp" 1036
"F:/UnrealProjects/Wizard_Dormitory/Content/NPC/Mesh/Hair/SM_Hair_03_Unlike.ubulk" 1037
"F:/UnrealProjects/Wizard_Dormitory/Content/NPC/Mesh/Hair/SM_Hair_03_Unlike.uasset" 1038
"F:/UnrealProjects/Wizard_Dormitory/Content/NPC/Mesh/Hair/SM_Hair_03_Unlike.uexp" 1039
"F:/UnrealProjects/Wizard_Dormitory/Content/VFX/symbol/Material/M_Novas1.uasset" 1040
"F:/UnrealProjects/Wizard_Dormitory/Content/VFX/symbol/Material/M_Novas1.uexp" 1041
"F:/UnrealProjects/Wizard_Dormitory/Content/VFX/symbol/Mesh/SM_Novas.ubulk" 1042
"F:/UnrealProjects/Wizard_Dormitory/Content/VFX/symbol/Mesh/SM_Novas.uasset" 1043
"F:/UnrealProjects/Wizard_Dormitory/Content/VFX/symbol/Mesh/SM_Novas.uexp" 1044
"F:/UnrealProjects/Wizard_Dormitory/Content/VFX/symbol/NS_Novas.uasset" 1045
"F:/UnrealProjects/Wizard_Dormitory/Content/VFX/symbol/NS_Novas.uexp" 1046
"F:/UnrealProjects/Wizard_Dormitory/Content/NPC/Mesh/Hair/SM_Hair_04.ubulk" 1047
"F:/UnrealProjects/Wizard_Dormitory/Content/NPC/Mesh/Hair/SM_Hair_04.uasset" 1048
"F:/UnrealProjects/Wizard_Dormitory/Content/NPC/Mesh/Hair/SM_Hair_04.uexp" 1049
"F:/UnrealProjects/Wizard_Dormitory/Content/VRTemplate/Input/Actions/Hands/IA_Hand_Point_Left.uasset" 1050
"F:/UnrealProjects/Wizard_Dormitory/Content/VRTemplate/Input/Actions/Hands/IA_Hand_Point_Left.uexp" 1051
"F:/UnrealProjects/Wizard_Dormitory/Content/VRTemplate/Input/Actions/Hands/IA_Hand_ThumbUp_Left.uasset" 1052
"F:/UnrealProjects/Wizard_Dormitory/Content/VRTemplate/Input/Actions/Hands/IA_Hand_ThumbUp_Left.uexp" 1053
"F:/UnrealProjects/Wizard_Dormitory/Content/VRTemplate/Input/Actions/Hands/IA_Hand_IndexCurl_Right.uasset" 1054
"F:/UnrealProjects/Wizard_Dormitory/Content/VRTemplate/Input/Actions/Hands/IA_Hand_IndexCurl_Right.uexp" 1055
"F:/UnrealProjects/Wizard_Dormitory/Content/VRTemplate/Input/Actions/Hands/IA_Hand_Point_Right.uasset" 1056
"F:/UnrealProjects/Wizard_Dormitory/Content/VRTemplate/Input/Actions/Hands/IA_Hand_Point_Right.uexp" 1057
"F:/UnrealProjects/Wizard_Dormitory/Content/VRTemplate/Input/Actions/Hands/IA_Hand_Grasp_Right.uasset" 1058
"F:/UnrealProjects/Wizard_Dormitory/Content/VRTemplate/Input/Actions/Hands/IA_Hand_Grasp_Right.uexp" 1059
"F:/UnrealProjects/Wizard_Dormitory/Content/VRTemplate/Input/Actions/Hands/IA_Hand_Grasp_Left.uasset" 1060
"F:/UnrealProjects/Wizard_Dormitory/Content/VRTemplate/Input/Actions/Hands/IA_Hand_Grasp_Left.uexp" 1061
"F:/UnrealProjects/Wizard_Dormitory/Content/VRTemplate/Input/Actions/Hands/IA_Hand_IndexCurl_Left.uasset" 1062
"F:/UnrealProjects/Wizard_Dormitory/Content/VRTemplate/Input/Actions/Hands/IA_Hand_IndexCurl_Left.uexp" 1063
"F:/UnrealProjects/Wizard_Dormitory/Content/VRTemplate/Input/Actions/Hands/IA_Hand_ThumbUp_Right.uasset" 1064
"F:/UnrealProjects/Wizard_Dormitory/Content/VRTemplate/Input/Actions/Hands/IA_Hand_ThumbUp_Right.uexp" 1065
"F:/UnrealProjects/Wizard_Dormitory/Content/VRTemplate/Input/IMC_Hands.uasset" 1066
"F:/UnrealProjects/Wizard_Dormitory/Content/VRTemplate/Input/IMC_Hands.uexp" 1067
"F:/UnrealProjects/Wizard_Dormitory/Content/VRTemplate/Input/Actions/IA_Menu_Toggle_Left.uasset" 1068
"F:/UnrealProjects/Wizard_Dormitory/Content/VRTemplate/Input/Actions/IA_Menu_Toggle_Left.uexp" 1069
"../../../Engine/Content/EngineSounds/Music.uasset" 1070
"../../../Engine/Content/EngineSounds/Music.uexp" 1071
"../../../Engine/Content/EngineSounds/SFX.uasset" 1072
"../../../Engine/Content/EngineSounds/SFX.uexp" 1073
"../../../Engine/Content/EngineSounds/Master.uasset" 1074
"../../../Engine/Content/EngineSounds/Master.uexp" 1075
"../../../Engine/Content/EngineSounds/Voice.uasset" 1076
"../../../Engine/Content/EngineSounds/Voice.uexp" 1077
"F:/UnrealProjects/Wizard_Dormitory/Content/Audio/Dialogue/Player/Cut_P_1.ubulk" 1078
"F:/UnrealProjects/Wizard_Dormitory/Content/Audio/Dialogue/Player/Cut_P_1.uasset" 1079
"F:/UnrealProjects/Wizard_Dormitory/Content/Audio/Dialogue/Player/Cut_P_1.uexp" 1080
"F:/UnrealProjects/Wizard_Dormitory/Content/Audio/Dialogue/Player/Cut_P_2.ubulk" 1081
"F:/UnrealProjects/Wizard_Dormitory/Content/Audio/Dialogue/Player/Cut_P_2.uasset" 1082
"F:/UnrealProjects/Wizard_Dormitory/Content/Audio/Dialogue/Player/Cut_P_2.uexp" 1083
"F:/UnrealProjects/Wizard_Dormitory/Content/Audio/Dialogue/Player/StudentIDNumber.ubulk" 1084
"F:/UnrealProjects/Wizard_Dormitory/Content/Audio/Dialogue/Player/StudentIDNumber.uasset" 1085
"F:/UnrealProjects/Wizard_Dormitory/Content/Audio/Dialogue/Player/StudentIDNumber.uexp" 1086
"F:/UnrealProjects/Wizard_Dormitory/Content/Audio/Dialogue/Player/Name.ubulk" 1087
"F:/UnrealProjects/Wizard_Dormitory/Content/Audio/Dialogue/Player/Name.uasset" 1088
"F:/UnrealProjects/Wizard_Dormitory/Content/Audio/Dialogue/Player/Name.uexp" 1089
"F:/UnrealProjects/Wizard_Dormitory/Content/Audio/Dialogue/Player/Dormitory.ubulk" 1090
"F:/UnrealProjects/Wizard_Dormitory/Content/Audio/Dialogue/Player/Dormitory.uasset" 1091
"F:/UnrealProjects/Wizard_Dormitory/Content/Audio/Dialogue/Player/Dormitory.uexp" 1092
"F:/UnrealProjects/Wizard_Dormitory/Content/Audio/Dialogue/Player/Symbol.ubulk" 1093
"F:/UnrealProjects/Wizard_Dormitory/Content/Audio/Dialogue/Player/Symbol.uasset" 1094
"F:/UnrealProjects/Wizard_Dormitory/Content/Audio/Dialogue/Player/Symbol.uexp" 1095
"F:/UnrealProjects/Wizard_Dormitory/Content/Audio/Dialogue/Player/IDCard.ubulk" 1096
"F:/UnrealProjects/Wizard_Dormitory/Content/Audio/Dialogue/Player/IDCard.uasset" 1097
"F:/UnrealProjects/Wizard_Dormitory/Content/Audio/Dialogue/Player/IDCard.uexp" 1098
"F:/UnrealProjects/Wizard_Dormitory/Content/Audio/Dialogue/Player/Hi.ubulk" 1099
"F:/UnrealProjects/Wizard_Dormitory/Content/Audio/Dialogue/Player/Hi.uasset" 1100
"F:/UnrealProjects/Wizard_Dormitory/Content/Audio/Dialogue/Player/Hi.uexp" 1101
"F:/UnrealProjects/Wizard_Dormitory/Content/Audio/Dialogue/Player/Pass_1.ubulk" 1102
"F:/UnrealProjects/Wizard_Dormitory/Content/Audio/Dialogue/Player/Pass_1.uasset" 1103
"F:/UnrealProjects/Wizard_Dormitory/Content/Audio/Dialogue/Player/Pass_1.uexp" 1104
"F:/UnrealProjects/Wizard_Dormitory/Content/Audio/Dialogue/Player/Pass_2.ubulk" 1105
"F:/UnrealProjects/Wizard_Dormitory/Content/Audio/Dialogue/Player/Pass_2.uasset" 1106
"F:/UnrealProjects/Wizard_Dormitory/Content/Audio/Dialogue/Player/Pass_2.uexp" 1107
"F:/UnrealProjects/Wizard_Dormitory/Content/System/DataTable/DT_Playerspeech.uasset" 1108
"F:/UnrealProjects/Wizard_Dormitory/Content/System/DataTable/DT_Playerspeech.uexp" 1109
"F:/UnrealProjects/Wizard_Dormitory/Content/Material/Meterial_Widget/Widget3DPassThrough.uasset" 1110
"F:/UnrealProjects/Wizard_Dormitory/Content/Material/Meterial_Widget/Widget3DPassThrough.uexp" 1111
"F:/UnrealProjects/Wizard_Dormitory/Content/Material/Meterial_Widget/Widget3DPassThrough_Opaque.uasset" 1112
"F:/UnrealProjects/Wizard_Dormitory/Content/Material/Meterial_Widget/Widget3DPassThrough_Opaque.uexp" 1113
"F:/UnrealProjects/Wizard_Dormitory/Content/Material/Meterial_Widget/Widget3DPassThrough_Masked_OneSided.uasset" 1114
"F:/UnrealProjects/Wizard_Dormitory/Content/Material/Meterial_Widget/Widget3DPassThrough_Masked_OneSided.uexp" 1115
"F:/UnrealProjects/Wizard_Dormitory/Content/Characters/Hands/Mesh/SKM_Hand_R_Skeleton.uasset" 1116
"F:/UnrealProjects/Wizard_Dormitory/Content/Characters/Hands/Mesh/SKM_Hand_R_Skeleton.uexp" 1117
"F:/UnrealProjects/Wizard_Dormitory/Content/Characters/Hands/Mesh/SKM_Hand_l_.uasset" 1118
"F:/UnrealProjects/Wizard_Dormitory/Content/Characters/Hands/Mesh/SKM_Hand_l_.uexp" 1119
"../../../Engine/Content/Animation/DefaultAnimCurveCompressionSettings.uasset" 1120
"../../../Engine/Content/Animation/DefaultAnimCurveCompressionSettings.uexp" 1121
"../../../Engine/Content/Animation/DefaultVariableFrameStrippingSettings.uasset" 1122
"../../../Engine/Content/Animation/DefaultVariableFrameStrippingSettings.uexp" 1123
"../../../Engine/Content/Animation/DefaultRecorderBoneCompression.uasset" 1124
"../../../Engine/Content/Animation/DefaultRecorderBoneCompression.uexp" 1125
"F:/UnrealProjects/Wizard_Dormitory/Content/Characters/Hands/Animation/A_MannequinsXR_Point_Right.uasset" 1126
"F:/UnrealProjects/Wizard_Dormitory/Content/Characters/Hands/Animation/A_MannequinsXR_Point_Right.uexp" 1127
"F:/UnrealProjects/Wizard_Dormitory/Content/Characters/Hands/Animation/A_MannequinsXR_Grasp_Right.uasset" 1128
"F:/UnrealProjects/Wizard_Dormitory/Content/Characters/Hands/Animation/A_MannequinsXR_Grasp_Right.uexp" 1129
"F:/UnrealProjects/Wizard_Dormitory/Content/Characters/Hands/Animation/A_MannequinsXR_IndexCurl_Right.uasset" 1130
"F:/UnrealProjects/Wizard_Dormitory/Content/Characters/Hands/Animation/A_MannequinsXR_IndexCurl_Right.uexp" 1131
"F:/UnrealProjects/Wizard_Dormitory/Content/Characters/Hands/Animation/MDT_Hand.uasset" 1132
"F:/UnrealProjects/Wizard_Dormitory/Content/Characters/Hands/Animation/MDT_Hand.uexp" 1133
"F:/UnrealProjects/Wizard_Dormitory/Content/Characters/Hands/Animation/A_MannequinsXR_Idle_Right.uasset" 1134
"F:/UnrealProjects/Wizard_Dormitory/Content/Characters/Hands/Animation/A_MannequinsXR_Idle_Right.uexp" 1135
"F:/UnrealProjects/Wizard_Dormitory/Content/Characters/Hands/Animation/A_MannequinsXR_ThumbUp_Right.uasset" 1136
"F:/UnrealProjects/Wizard_Dormitory/Content/Characters/Hands/Animation/A_MannequinsXR_ThumbUp_Right.uexp" 1137
"F:/UnrealProjects/Wizard_Dormitory/Content/Characters/Hands/Mesh/ABP_Hand.uasset" 1138
"F:/UnrealProjects/Wizard_Dormitory/Content/Characters/Hands/Mesh/ABP_Hand.uexp" 1139
"F:/UnrealProjects/Wizard_Dormitory/Content/Characters/Hands/B_HandXR.uasset" 1140
"F:/UnrealProjects/Wizard_Dormitory/Content/Characters/Hands/B_HandXR.uexp" 1141
"F:/UnrealProjects/Wizard_Dormitory/Content/System/Haptics/GrabHapticEffect.uasset" 1142
"F:/UnrealProjects/Wizard_Dormitory/Content/System/Haptics/GrabHapticEffect.uexp" 1143
"F:/UnrealProjects/Wizard_Dormitory/Content/System/Enum/GrabType.uasset" 1144
"F:/UnrealProjects/Wizard_Dormitory/Content/System/Enum/GrabType.uexp" 1145
"F:/UnrealProjects/Wizard_Dormitory/Content/Blueprints/GrabComponent.uasset" 1146
"F:/UnrealProjects/Wizard_Dormitory/Content/Blueprints/GrabComponent.uexp" 1147
"F:/UnrealProjects/Wizard_Dormitory/Content/Blueprints/UMG/UMG_Subtitle.uasset" 1148
"F:/UnrealProjects/Wizard_Dormitory/Content/Blueprints/UMG/UMG_Subtitle.uexp" 1149
"F:/UnrealProjects/Wizard_Dormitory/Content/Blueprints/UMG/UMG_SubtitleRoot.uasset" 1150
"F:/UnrealProjects/Wizard_Dormitory/Content/Blueprints/UMG/UMG_SubtitleRoot.uexp" 1151
"F:/UnrealProjects/Wizard_Dormitory/Content/VRTemplate/Input/Actions/IA_Turn.uasset" 1152
"F:/UnrealProjects/Wizard_Dormitory/Content/VRTemplate/Input/Actions/IA_Turn.uexp" 1153
"F:/UnrealProjects/Wizard_Dormitory/Content/Audio/Dialogue/Tutorial/Tutorial_05.ubulk" 1154
"F:/UnrealProjects/Wizard_Dormitory/Content/Audio/Dialogue/Tutorial/Tutorial_05.uasset" 1155
"F:/UnrealProjects/Wizard_Dormitory/Content/Audio/Dialogue/Tutorial/Tutorial_05.uexp" 1156
"F:/UnrealProjects/Wizard_Dormitory/Content/Audio/Dialogue/Tutorial/Tutorial_09.ubulk" 1157
"F:/UnrealProjects/Wizard_Dormitory/Content/Audio/Dialogue/Tutorial/Tutorial_09.uasset" 1158
"F:/UnrealProjects/Wizard_Dormitory/Content/Audio/Dialogue/Tutorial/Tutorial_09.uexp" 1159
"F:/UnrealProjects/Wizard_Dormitory/Content/Audio/Dialogue/Tutorial/Tutorial_04.ubulk" 1160
"F:/UnrealProjects/Wizard_Dormitory/Content/Audio/Dialogue/Tutorial/Tutorial_04.uasset" 1161
"F:/UnrealProjects/Wizard_Dormitory/Content/Audio/Dialogue/Tutorial/Tutorial_04.uexp" 1162
"F:/UnrealProjects/Wizard_Dormitory/Content/Audio/Dialogue/Tutorial/Tutorial_02.ubulk" 1163
"F:/UnrealProjects/Wizard_Dormitory/Content/Audio/Dialogue/Tutorial/Tutorial_02.uasset" 1164
"F:/UnrealProjects/Wizard_Dormitory/Content/Audio/Dialogue/Tutorial/Tutorial_02.uexp" 1165
"F:/UnrealProjects/Wizard_Dormitory/Content/Audio/Dialogue/Tutorial/Tutorial_06.ubulk" 1166
"F:/UnrealProjects/Wizard_Dormitory/Content/Audio/Dialogue/Tutorial/Tutorial_06.uasset" 1167
"F:/UnrealProjects/Wizard_Dormitory/Content/Audio/Dialogue/Tutorial/Tutorial_06.uexp" 1168
"F:/UnrealProjects/Wizard_Dormitory/Content/Audio/Dialogue/Tutorial/Tutorial_03.ubulk" 1169
"F:/UnrealProjects/Wizard_Dormitory/Content/Audio/Dialogue/Tutorial/Tutorial_03.uasset" 1170
"F:/UnrealProjects/Wizard_Dormitory/Content/Audio/Dialogue/Tutorial/Tutorial_03.uexp" 1171
"F:/UnrealProjects/Wizard_Dormitory/Content/Audio/Dialogue/Tutorial/Tutorial_01.ubulk" 1172
"F:/UnrealProjects/Wizard_Dormitory/Content/Audio/Dialogue/Tutorial/Tutorial_01.uasset" 1173
"F:/UnrealProjects/Wizard_Dormitory/Content/Audio/Dialogue/Tutorial/Tutorial_01.uexp" 1174
"F:/UnrealProjects/Wizard_Dormitory/Content/Audio/Dialogue/Tutorial/Tutorial_08.ubulk" 1175
"F:/UnrealProjects/Wizard_Dormitory/Content/Audio/Dialogue/Tutorial/Tutorial_08.uasset" 1176
"F:/UnrealProjects/Wizard_Dormitory/Content/Audio/Dialogue/Tutorial/Tutorial_08.uexp" 1177
"F:/UnrealProjects/Wizard_Dormitory/Content/Audio/Dialogue/Tutorial/Tutorial_10.ubulk" 1178
"F:/UnrealProjects/Wizard_Dormitory/Content/Audio/Dialogue/Tutorial/Tutorial_10.uasset" 1179
"F:/UnrealProjects/Wizard_Dormitory/Content/Audio/Dialogue/Tutorial/Tutorial_10.uexp" 1180
"F:/UnrealProjects/Wizard_Dormitory/Content/Audio/Dialogue/Tutorial/Tutorial_11.ubulk" 1181
"F:/UnrealProjects/Wizard_Dormitory/Content/Audio/Dialogue/Tutorial/Tutorial_11.uasset" 1182
"F:/UnrealProjects/Wizard_Dormitory/Content/Audio/Dialogue/Tutorial/Tutorial_11.uexp" 1183
"F:/UnrealProjects/Wizard_Dormitory/Content/Audio/Dialogue/Tutorial/Tutorial_07.ubulk" 1184
"F:/UnrealProjects/Wizard_Dormitory/Content/Audio/Dialogue/Tutorial/Tutorial_07.uasset" 1185
"F:/UnrealProjects/Wizard_Dormitory/Content/Audio/Dialogue/Tutorial/Tutorial_07.uexp" 1186
"F:/UnrealProjects/Wizard_Dormitory/Content/System/DataTable/DT_tutorial_subtitles.uasset" 1187
"F:/UnrealProjects/Wizard_Dormitory/Content/System/DataTable/DT_tutorial_subtitles.uexp" 1188
"F:/UnrealProjects/Wizard_Dormitory/Content/VRTemplate/Input/Actions/IA_Menu_Toggle_Right.uasset" 1189
"F:/UnrealProjects/Wizard_Dormitory/Content/VRTemplate/Input/Actions/IA_Menu_Toggle_Right.uexp" 1190
"F:/UnrealProjects/Wizard_Dormitory/Content/Characters/Hands/Mesh/SKM_Hand_R.uasset" 1191
"F:/UnrealProjects/Wizard_Dormitory/Content/Characters/Hands/Mesh/SKM_Hand_R.uexp" 1192
"F:/UnrealProjects/Wizard_Dormitory/Content/VRTemplate/VFX/NPC_VRTemplate.uasset" 1193
"F:/UnrealProjects/Wizard_Dormitory/Content/VRTemplate/VFX/NPC_VRTemplate.uexp" 1194
"F:/UnrealProjects/Wizard_Dormitory/Content/VRTemplate/VFX/NS_TeleportTrace.uasset" 1195
"F:/UnrealProjects/Wizard_Dormitory/Content/VRTemplate/VFX/NS_TeleportTrace.uexp" 1196
"F:/UnrealProjects/Wizard_Dormitory/Content/VRTemplate/Input/B_InputModifier_XAxisPositiveOnly.uasset" 1197
"F:/UnrealProjects/Wizard_Dormitory/Content/VRTemplate/Input/B_InputModifier_XAxisPositiveOnly.uexp" 1198
"F:/UnrealProjects/Wizard_Dormitory/Content/VRTemplate/Input/Actions/IA_Move.uasset" 1199
"F:/UnrealProjects/Wizard_Dormitory/Content/VRTemplate/Input/Actions/IA_Move.uexp" 1200
"F:/UnrealProjects/Wizard_Dormitory/Content/VRTemplate/Input/Actions/IA_Grab_Left.uasset" 1201
"F:/UnrealProjects/Wizard_Dormitory/Content/VRTemplate/Input/Actions/IA_Grab_Left.uexp" 1202
"F:/UnrealProjects/Wizard_Dormitory/Content/VRTemplate/Input/Actions/IA_Grab_Right.uasset" 1203
"F:/UnrealProjects/Wizard_Dormitory/Content/VRTemplate/Input/Actions/IA_Grab_Right.uexp" 1204
"F:/UnrealProjects/Wizard_Dormitory/Content/VRTemplate/Input/IMC_Default_VR.uasset" 1205
"F:/UnrealProjects/Wizard_Dormitory/Content/VRTemplate/Input/IMC_Default_VR.uexp" 1206
"F:/UnrealProjects/Wizard_Dormitory/Content/Audio/WD_SoundMIX.uasset" 1207
"F:/UnrealProjects/Wizard_Dormitory/Content/Audio/WD_SoundMIX.uexp" 1208
"F:/UnrealProjects/Wizard_Dormitory/Content/Material/Material_SlideBar/Track/slider_track_horizontal.ubulk" 1209
"F:/UnrealProjects/Wizard_Dormitory/Content/Material/Material_SlideBar/Track/slider_track_horizontal.uasset" 1210
"F:/UnrealProjects/Wizard_Dormitory/Content/Material/Material_SlideBar/Track/slider_track_horizontal.uexp" 1211
"F:/UnrealProjects/Wizard_Dormitory/Content/Material/Material_SlideBar/Track/M_UI_Slider.uasset" 1212
"F:/UnrealProjects/Wizard_Dormitory/Content/Material/Material_SlideBar/Track/M_UI_Slider.uexp" 1213
"F:/UnrealProjects/Wizard_Dormitory/Content/Material/Material_SlideBar/Track/handle_gold_vertical_ellipse.ubulk" 1214
"F:/UnrealProjects/Wizard_Dormitory/Content/Material/Material_SlideBar/Track/handle_gold_vertical_ellipse.uasset" 1215
"F:/UnrealProjects/Wizard_Dormitory/Content/Material/Material_SlideBar/Track/handle_gold_vertical_ellipse.uexp" 1216
"F:/UnrealProjects/Wizard_Dormitory/Content/Blueprints/UMG/UMG_Setting.uasset" 1217
"F:/UnrealProjects/Wizard_Dormitory/Content/Blueprints/UMG/UMG_Setting.uexp" 1218
"F:/UnrealProjects/Wizard_Dormitory/Content/Blueprints/Menu/Menu_PlayMap.uasset" 1219
"F:/UnrealProjects/Wizard_Dormitory/Content/Blueprints/Menu/Menu_PlayMap.uexp" 1220
"F:/UnrealProjects/Wizard_Dormitory/Content/Blueprints/Interface/If_PawnSpawned.uasset" 1221
"F:/UnrealProjects/Wizard_Dormitory/Content/Blueprints/Interface/If_PawnSpawned.uexp" 1222
"F:/UnrealProjects/Wizard_Dormitory/Content/Audio/Dialogue/Numbers/7.ubulk" 1223
"F:/UnrealProjects/Wizard_Dormitory/Content/Audio/Dialogue/Numbers/7.uasset" 1224
"F:/UnrealProjects/Wizard_Dormitory/Content/Audio/Dialogue/Numbers/7.uexp" 1225
"F:/UnrealProjects/Wizard_Dormitory/Content/Audio/Dialogue/HandIn/HandIn_1.ubulk" 1226
"F:/UnrealProjects/Wizard_Dormitory/Content/Audio/Dialogue/HandIn/HandIn_1.uasset" 1227
"F:/UnrealProjects/Wizard_Dormitory/Content/Audio/Dialogue/HandIn/HandIn_1.uexp" 1228
"F:/UnrealProjects/Wizard_Dormitory/Content/Audio/Dialogue/HandIn/HandIn_2.ubulk" 1229
"F:/UnrealProjects/Wizard_Dormitory/Content/Audio/Dialogue/HandIn/HandIn_2.uasset" 1230
"F:/UnrealProjects/Wizard_Dormitory/Content/Audio/Dialogue/HandIn/HandIn_2.uexp" 1231
"F:/UnrealProjects/Wizard_Dormitory/Content/Audio/Dialogue/HandIn/HandIn_3.ubulk" 1232
"F:/UnrealProjects/Wizard_Dormitory/Content/Audio/Dialogue/HandIn/HandIn_3.uasset" 1233
"F:/UnrealProjects/Wizard_Dormitory/Content/Audio/Dialogue/HandIn/HandIn_3.uexp" 1234
"F:/UnrealProjects/Wizard_Dormitory/Content/Audio/Dialogue/HandIn/HandIn_4.ubulk" 1235
"F:/UnrealProjects/Wizard_Dormitory/Content/Audio/Dialogue/HandIn/HandIn_4.uasset" 1236
"F:/UnrealProjects/Wizard_Dormitory/Content/Audio/Dialogue/HandIn/HandIn_4.uexp" 1237
"F:/UnrealProjects/Wizard_Dormitory/Content/System/DataTable/DT_Handln.uasset" 1238
"F:/UnrealProjects/Wizard_Dormitory/Content/System/DataTable/DT_Handln.uexp" 1239
"../../../Engine/Plugins/Animation/ACLPlugin/Content/ACLAnimBoneCompressionSettings.uasset" 1240
"../../../Engine/Plugins/Animation/ACLPlugin/Content/ACLAnimBoneCompressionSettings.uexp" 1241
"../../../Engine/Plugins/Animation/ACLPlugin/Content/ACLAnimCurveCompressionSettings.uasset" 1242
"../../../Engine/Plugins/Animation/ACLPlugin/Content/ACLAnimCurveCompressionSettings.uexp" 1243
"F:/UnrealProjects/Wizard_Dormitory/Content/NPC/Animation/NA_Rage_01_Re.uasset" 1244
"F:/UnrealProjects/Wizard_Dormitory/Content/NPC/Animation/NA_Rage_01_Re.uexp" 1245
"F:/UnrealProjects/Wizard_Dormitory/Content/NPC/Animation/Montage/NA_Rage_01_Re_Montage.uasset" 1246
"F:/UnrealProjects/Wizard_Dormitory/Content/NPC/Animation/Montage/NA_Rage_01_Re_Montage.uexp" 1247
"F:/UnrealProjects/Wizard_Dormitory/Content/Audio/Dialogue/Numbers/0.ubulk" 1248
"F:/UnrealProjects/Wizard_Dormitory/Content/Audio/Dialogue/Numbers/0.uasset" 1249
"F:/UnrealProjects/Wizard_Dormitory/Content/Audio/Dialogue/Numbers/0.uexp" 1250
"F:/UnrealProjects/Wizard_Dormitory/Content/Audio/Dialogue/Exit/Cut_1.ubulk" 1251
"F:/UnrealProjects/Wizard_Dormitory/Content/Audio/Dialogue/Exit/Cut_1.uasset" 1252
"F:/UnrealProjects/Wizard_Dormitory/Content/Audio/Dialogue/Exit/Cut_1.uexp" 1253
"F:/UnrealProjects/Wizard_Dormitory/Content/Audio/Dialogue/Exit/Cut_2.ubulk" 1254
"F:/UnrealProjects/Wizard_Dormitory/Content/Audio/Dialogue/Exit/Cut_2.uasset" 1255
"F:/UnrealProjects/Wizard_Dormitory/Content/Audio/Dialogue/Exit/Cut_2.uexp" 1256
"F:/UnrealProjects/Wizard_Dormitory/Content/Audio/Dialogue/Exit/Cut_3.ubulk" 1257
"F:/UnrealProjects/Wizard_Dormitory/Content/Audio/Dialogue/Exit/Cut_3.uasset" 1258
"F:/UnrealProjects/Wizard_Dormitory/Content/Audio/Dialogue/Exit/Cut_3.uexp" 1259
"F:/UnrealProjects/Wizard_Dormitory/Content/Audio/Dialogue/Exit/Cut_4.ubulk" 1260
"F:/UnrealProjects/Wizard_Dormitory/Content/Audio/Dialogue/Exit/Cut_4.uasset" 1261
"F:/UnrealProjects/Wizard_Dormitory/Content/Audio/Dialogue/Exit/Cut_4.uexp" 1262
"F:/UnrealProjects/Wizard_Dormitory/Content/Audio/Dialogue/Exit/Cut_5.ubulk" 1263
"F:/UnrealProjects/Wizard_Dormitory/Content/Audio/Dialogue/Exit/Cut_5.uasset" 1264
"F:/UnrealProjects/Wizard_Dormitory/Content/Audio/Dialogue/Exit/Cut_5.uexp" 1265
"F:/UnrealProjects/Wizard_Dormitory/Content/Audio/Dialogue/Exit/Cut_6.ubulk" 1266
"F:/UnrealProjects/Wizard_Dormitory/Content/Audio/Dialogue/Exit/Cut_6.uasset" 1267
"F:/UnrealProjects/Wizard_Dormitory/Content/Audio/Dialogue/Exit/Cut_6.uexp" 1268
"F:/UnrealProjects/Wizard_Dormitory/Content/Audio/Dialogue/Exit/Cut_7.ubulk" 1269
"F:/UnrealProjects/Wizard_Dormitory/Content/Audio/Dialogue/Exit/Cut_7.uasset" 1270
"F:/UnrealProjects/Wizard_Dormitory/Content/Audio/Dialogue/Exit/Cut_7.uexp" 1271
"F:/UnrealProjects/Wizard_Dormitory/Content/System/DataTable/DT_Exit.uasset" 1272
"F:/UnrealProjects/Wizard_Dormitory/Content/System/DataTable/DT_Exit.uexp" 1273
"F:/UnrealProjects/Wizard_Dormitory/Content/NPC/BP_SpawnPoint.uasset" 1274
"F:/UnrealProjects/Wizard_Dormitory/Content/NPC/BP_SpawnPoint.uexp" 1275
"F:/UnrealProjects/Wizard_Dormitory/Content/NPC/Animation/NA_Rage_04_Re.uasset" 1276
"F:/UnrealProjects/Wizard_Dormitory/Content/NPC/Animation/NA_Rage_04_Re.uexp" 1277
"F:/UnrealProjects/Wizard_Dormitory/Content/NPC/Animation/Montage/NA_Rage_04_Re_Montage.uasset" 1278
"F:/UnrealProjects/Wizard_Dormitory/Content/NPC/Animation/Montage/NA_Rage_04_Re_Montage.uexp" 1279
"F:/UnrealProjects/Wizard_Dormitory/Content/Material/Material_Hightlight/M_Highlight.uasset" 1280
"F:/UnrealProjects/Wizard_Dormitory/Content/Material/Material_Hightlight/M_Highlight.uexp" 1281
"F:/UnrealProjects/Wizard_Dormitory/Content/Material/Material_Hightlight/M_Highlight_Inst_Object.uasset" 1282
"F:/UnrealProjects/Wizard_Dormitory/Content/Material/Material_Hightlight/M_Highlight_Inst_Object.uexp" 1283
"F:/UnrealProjects/Wizard_Dormitory/Content/Object/Object_Texture/T_IDCard_UV.ubulk" 1284
"F:/UnrealProjects/Wizard_Dormitory/Content/Object/Object_Texture/T_IDCard_UV.uasset" 1285
"F:/UnrealProjects/Wizard_Dormitory/Content/Object/Object_Texture/T_IDCard_UV.uexp" 1286
"F:/UnrealProjects/Wizard_Dormitory/Content/Object/Object_Material/M_IDCard.uasset" 1287
"F:/UnrealProjects/Wizard_Dormitory/Content/Object/Object_Material/M_IDCard.uexp" 1288
"F:/UnrealProjects/Wizard_Dormitory/Content/Object/Object_Mesh/SM_IDCard.ubulk" 1289
"F:/UnrealProjects/Wizard_Dormitory/Content/Object/Object_Mesh/SM_IDCard.uasset" 1290
"F:/UnrealProjects/Wizard_Dormitory/Content/Object/Object_Mesh/SM_IDCard.uexp" 1291
"F:/UnrealProjects/Wizard_Dormitory/Content/Object/Object_Texture/T_Holo.ubulk" 1292
"F:/UnrealProjects/Wizard_Dormitory/Content/Object/Object_Texture/T_Holo.uasset" 1293
"F:/UnrealProjects/Wizard_Dormitory/Content/Object/Object_Texture/T_Holo.uexp" 1294
"F:/UnrealProjects/Wizard_Dormitory/Content/Object/Object_Material/M_Holo.uasset" 1295
"F:/UnrealProjects/Wizard_Dormitory/Content/Object/Object_Material/M_Holo.uexp" 1296
"F:/UnrealProjects/Wizard_Dormitory/Content/Object/Object_Mesh/WD_Holo_model.ubulk" 1297
"F:/UnrealProjects/Wizard_Dormitory/Content/Object/Object_Mesh/WD_Holo_model.uasset" 1298
"F:/UnrealProjects/Wizard_Dormitory/Content/Object/Object_Mesh/WD_Holo_model.uexp" 1299
"F:/UnrealProjects/Wizard_Dormitory/Content/Characters/MannequinsXR/Meshes/SK_MannequinsXR.uasset" 1300
"F:/UnrealProjects/Wizard_Dormitory/Content/Characters/MannequinsXR/Meshes/SK_MannequinsXR.uexp" 1301
"F:/UnrealProjects/Wizard_Dormitory/Content/Characters/MannequinsXR/Meshes/SKM_MannyXR_left.uasset" 1302
"F:/UnrealProjects/Wizard_Dormitory/Content/Characters/MannequinsXR/Meshes/SKM_MannyXR_left.uexp" 1303
"F:/UnrealProjects/Wizard_Dormitory/Content/Characters/MannequinsXR/Animations/A_MannequinsXR_Idle_Right.uasset" 1304
"F:/UnrealProjects/Wizard_Dormitory/Content/Characters/MannequinsXR/Animations/A_MannequinsXR_Idle_Right.uexp" 1305
"F:/UnrealProjects/Wizard_Dormitory/Content/Characters/MannequinsXR/Animations/A_MannequinsXR_ThumbUp_Right.uasset" 1306
"F:/UnrealProjects/Wizard_Dormitory/Content/Characters/MannequinsXR/Animations/A_MannequinsXR_ThumbUp_Right.uexp" 1307
"F:/UnrealProjects/Wizard_Dormitory/Content/Characters/MannequinsXR/Animations/A_MannequinsXR_Point_Right.uasset" 1308
"F:/UnrealProjects/Wizard_Dormitory/Content/Characters/MannequinsXR/Animations/A_MannequinsXR_Point_Right.uexp" 1309
"F:/UnrealProjects/Wizard_Dormitory/Content/Characters/MannequinsXR/Animations/MDT_MannequinsXR.uasset" 1310
"F:/UnrealProjects/Wizard_Dormitory/Content/Characters/MannequinsXR/Animations/MDT_MannequinsXR.uexp" 1311
"F:/UnrealProjects/Wizard_Dormitory/Content/Characters/MannequinsXR/Animations/A_MannequinsXR_Grasp_Right.uasset" 1312
"F:/UnrealProjects/Wizard_Dormitory/Content/Characters/MannequinsXR/Animations/A_MannequinsXR_Grasp_Right.uexp" 1313
"F:/UnrealProjects/Wizard_Dormitory/Content/Characters/MannequinsXR/Animations/A_MannequinsXR_IndexCurl_Right.uasset" 1314
"F:/UnrealProjects/Wizard_Dormitory/Content/Characters/MannequinsXR/Animations/A_MannequinsXR_IndexCurl_Right.uexp" 1315
"F:/UnrealProjects/Wizard_Dormitory/Content/Characters/MannequinsXR/Meshes/ABP_MannequinsXR.uasset" 1316
"F:/UnrealProjects/Wizard_Dormitory/Content/Characters/MannequinsXR/Meshes/ABP_MannequinsXR.uexp" 1317
"F:/UnrealProjects/Wizard_Dormitory/Content/Characters/MannequinsXR/B_MannequinsXR.uasset" 1318
"F:/UnrealProjects/Wizard_Dormitory/Content/Characters/MannequinsXR/B_MannequinsXR.uexp" 1319
"F:/UnrealProjects/Wizard_Dormitory/Content/Characters/MannequinsXR/Meshes/SKM_MannyXR_right.uasset" 1320
"F:/UnrealProjects/Wizard_Dormitory/Content/Characters/MannequinsXR/Meshes/SKM_MannyXR_right.uexp" 1321
"F:/UnrealProjects/Wizard_Dormitory/Content/Material/Material_Hologram/M_hologram.uasset" 1322
"F:/UnrealProjects/Wizard_Dormitory/Content/Material/Material_Hologram/M_hologram.uexp" 1323
"F:/UnrealProjects/Wizard_Dormitory/Content/Blueprints/HoloGen/Cylinder_8A946EEF.ubulk" 1324
"F:/UnrealProjects/Wizard_Dormitory/Content/Blueprints/HoloGen/Cylinder_8A946EEF.uasset" 1325
"F:/UnrealProjects/Wizard_Dormitory/Content/Blueprints/HoloGen/Cylinder_8A946EEF.uexp" 1326
"F:/UnrealProjects/Wizard_Dormitory/Content/VFX/magic/NS_hologram.uasset" 1327
"F:/UnrealProjects/Wizard_Dormitory/Content/VFX/magic/NS_hologram.uexp" 1328
"F:/UnrealProjects/Wizard_Dormitory/Content/SFX/SFX_HoloHume.ubulk" 1329
"F:/UnrealProjects/Wizard_Dormitory/Content/SFX/SFX_HoloHume.uasset" 1330
"F:/UnrealProjects/Wizard_Dormitory/Content/SFX/SFX_HoloHume.uexp" 1331
"F:/UnrealProjects/Wizard_Dormitory/Content/Image/Button_Hovered__Celesta_.uasset" 1332
"F:/UnrealProjects/Wizard_Dormitory/Content/Image/Button_Hovered__Celesta_.uexp" 1333
"F:/UnrealProjects/Wizard_Dormitory/Content/Image/T_HOLO_Luminas.uasset" 1334
"F:/UnrealProjects/Wizard_Dormitory/Content/Image/T_HOLO_Luminas.uexp" 1335
"F:/UnrealProjects/Wizard_Dormitory/Content/Image/Button_Pressed__Luminas_.uasset" 1336
"F:/UnrealProjects/Wizard_Dormitory/Content/Image/Button_Pressed__Luminas_.uexp" 1337
"F:/UnrealProjects/Wizard_Dormitory/Content/Image/Button_Hovered__Aurora_.uasset" 1338
"F:/UnrealProjects/Wizard_Dormitory/Content/Image/Button_Hovered__Aurora_.uexp" 1339
"F:/UnrealProjects/Wizard_Dormitory/Content/Image/T_HOLO_Celesta.uasset" 1340
"F:/UnrealProjects/Wizard_Dormitory/Content/Image/T_HOLO_Celesta.uexp" 1341
"F:/UnrealProjects/Wizard_Dormitory/Content/Blueprints/HoloGen/RT_StudentPicture.uasset" 1342
"F:/UnrealProjects/Wizard_Dormitory/Content/Blueprints/HoloGen/RT_StudentPicture.uexp" 1343
"F:/UnrealProjects/Wizard_Dormitory/Content/Blueprints/HoloGen/M_StudentPicture.uasset" 1344
"F:/UnrealProjects/Wizard_Dormitory/Content/Blueprints/HoloGen/M_StudentPicture.uexp" 1345
"F:/UnrealProjects/Wizard_Dormitory/Content/Blueprints/HoloGen/UMG_StudentPicture.uasset" 1346
"F:/UnrealProjects/Wizard_Dormitory/Content/Blueprints/HoloGen/UMG_StudentPicture.uexp" 1347
"F:/UnrealProjects/Wizard_Dormitory/Content/Image/Button_Pressed__Aurora_.uasset" 1348
"F:/UnrealProjects/Wizard_Dormitory/Content/Image/Button_Pressed__Aurora_.uexp" 1349
"F:/UnrealProjects/Wizard_Dormitory/Content/Image/T_HOLO_Aurora.uasset" 1350
"F:/UnrealProjects/Wizard_Dormitory/Content/Image/T_HOLO_Aurora.uexp" 1351
"F:/UnrealProjects/Wizard_Dormitory/Content/Image/Button_Hovered__Novas_.uasset" 1352
"F:/UnrealProjects/Wizard_Dormitory/Content/Image/Button_Hovered__Novas_.uexp" 1353
"F:/UnrealProjects/Wizard_Dormitory/Content/Image/Button_Pressed__Novas_.uasset" 1354
"F:/UnrealProjects/Wizard_Dormitory/Content/Image/Button_Pressed__Novas_.uexp" 1355
"F:/UnrealProjects/Wizard_Dormitory/Content/Image/T_HOLO_NOVAS.uasset" 1356
"F:/UnrealProjects/Wizard_Dormitory/Content/Image/T_HOLO_NOVAS.uexp" 1357
"F:/UnrealProjects/Wizard_Dormitory/Content/Image/Button_Pressed__Celesta_.uasset" 1358
"F:/UnrealProjects/Wizard_Dormitory/Content/Image/Button_Pressed__Celesta_.uexp" 1359
"F:/UnrealProjects/Wizard_Dormitory/Content/Image/Button_Hovered__Luminas_.uasset" 1360
"F:/UnrealProjects/Wizard_Dormitory/Content/Image/Button_Hovered__Luminas_.uexp" 1361
"F:/UnrealProjects/Wizard_Dormitory/Content/Blueprints/HoloGen/UMG_Hologram.uasset" 1362
"F:/UnrealProjects/Wizard_Dormitory/Content/Blueprints/HoloGen/UMG_Hologram.uexp" 1363
"F:/UnrealProjects/Wizard_Dormitory/Content/Blueprints/HoloGen/BP_HologramGenerator.uasset" 1364
"F:/UnrealProjects/Wizard_Dormitory/Content/Blueprints/HoloGen/BP_HologramGenerator.uexp" 1365
"F:/UnrealProjects/Wizard_Dormitory/Content/Blueprints/BP_IDCard.uasset" 1366
"F:/UnrealProjects/Wizard_Dormitory/Content/Blueprints/BP_IDCard.uexp" 1367
"F:/UnrealProjects/Wizard_Dormitory/Content/NPC/Animation/NA_Rage_02_Re.uasset" 1368
"F:/UnrealProjects/Wizard_Dormitory/Content/NPC/Animation/NA_Rage_02_Re.uexp" 1369
"F:/UnrealProjects/Wizard_Dormitory/Content/NPC/Animation/Montage/NA_Rage_02_Re_Montage.uasset" 1370
"F:/UnrealProjects/Wizard_Dormitory/Content/NPC/Animation/Montage/NA_Rage_02_Re_Montage.uexp" 1371
"F:/UnrealProjects/Wizard_Dormitory/Content/SFX/SA_Walk.uasset" 1372
"F:/UnrealProjects/Wizard_Dormitory/Content/SFX/SA_Walk.uexp" 1373
"F:/UnrealProjects/Wizard_Dormitory/Content/NPC/Animation/Anim_Adle.uasset" 1374
"F:/UnrealProjects/Wizard_Dormitory/Content/NPC/Animation/Anim_Adle.uexp" 1375
"F:/UnrealProjects/Wizard_Dormitory/Content/NPC/Animation/Anim_Walking.uasset" 1376
"F:/UnrealProjects/Wizard_Dormitory/Content/NPC/Animation/Anim_Walking.uexp" 1377
"F:/UnrealProjects/Wizard_Dormitory/Content/NPC/Animation/Anim_Running.uasset" 1378
"F:/UnrealProjects/Wizard_Dormitory/Content/NPC/Animation/Anim_Running.uexp" 1379
"F:/UnrealProjects/Wizard_Dormitory/Content/NPC/Animation/BS1D_NPC.uasset" 1380
"F:/UnrealProjects/Wizard_Dormitory/Content/NPC/Animation/BS1D_NPC.uexp" 1381
"F:/UnrealProjects/Wizard_Dormitory/Content/SFX/SFX_Walk_R.ubulk" 1382
"F:/UnrealProjects/Wizard_Dormitory/Content/SFX/SFX_Walk_R.uasset" 1383
"F:/UnrealProjects/Wizard_Dormitory/Content/SFX/SFX_Walk_R.uexp" 1384
"../../../Engine/Content/Animation/DefaultAnimBoneCompressionSettings.uasset" 1385
"../../../Engine/Content/Animation/DefaultAnimBoneCompressionSettings.uexp" 1386
"F:/UnrealProjects/Wizard_Dormitory/Content/NPC/Animation/NA_Fall_Loop_Re.uasset" 1387
"F:/UnrealProjects/Wizard_Dormitory/Content/NPC/Animation/NA_Fall_Loop_Re.uexp" 1388
"F:/UnrealProjects/Wizard_Dormitory/Content/SFX/SFX_Walk_L.ubulk" 1389
"F:/UnrealProjects/Wizard_Dormitory/Content/SFX/SFX_Walk_L.uasset" 1390
"F:/UnrealProjects/Wizard_Dormitory/Content/SFX/SFX_Walk_L.uexp" 1391
"F:/UnrealProjects/Wizard_Dormitory/Content/NPC/Animation/NA_Land_Re.uasset" 1392
"F:/UnrealProjects/Wizard_Dormitory/Content/NPC/Animation/NA_Land_Re.uexp" 1393
"F:/UnrealProjects/Wizard_Dormitory/Content/NPC/Animation/ABP_NPC.uasset" 1394
"F:/UnrealProjects/Wizard_Dormitory/Content/NPC/Animation/ABP_NPC.uexp" 1395
"F:/UnrealProjects/Wizard_Dormitory/Content/NPC/Animation/Anim_Symbol_Checking.uasset" 1396
"F:/UnrealProjects/Wizard_Dormitory/Content/NPC/Animation/Anim_Symbol_Checking.uexp" 1397
"F:/UnrealProjects/Wizard_Dormitory/Content/NPC/Animation/Montage/Anim_Symbol_Checking_Montage.uasset" 1398
"F:/UnrealProjects/Wizard_Dormitory/Content/NPC/Animation/Montage/Anim_Symbol_Checking_Montage.uexp" 1399
"F:/UnrealProjects/Wizard_Dormitory/Content/Audio/Dialogue/Numbers/9.ubulk" 1400
"F:/UnrealProjects/Wizard_Dormitory/Content/Audio/Dialogue/Numbers/9.uasset" 1401
"F:/UnrealProjects/Wizard_Dormitory/Content/Audio/Dialogue/Numbers/9.uexp" 1402
"F:/UnrealProjects/Wizard_Dormitory/Content/NPC/Animation/NA_Rage_03_Re.uasset" 1403
"F:/UnrealProjects/Wizard_Dormitory/Content/NPC/Animation/NA_Rage_03_Re.uexp" 1404
"F:/UnrealProjects/Wizard_Dormitory/Content/NPC/Animation/Montage/NA_Rage_03_Re_Montage.uasset" 1405
"F:/UnrealProjects/Wizard_Dormitory/Content/NPC/Animation/Montage/NA_Rage_03_Re_Montage.uexp" 1406
"../../../Engine/Content/Functions/Engine_MaterialFunctions02/Utility/VectorToRadialValue.uasset" 1407
"../../../Engine/Content/Functions/Engine_MaterialFunctions02/Utility/VectorToRadialValue.uexp" 1408
"../../../Engine/Content/EngineMaterials/BlendFunc_DefBlend.uasset" 1409
"../../../Engine/Content/EngineMaterials/BlendFunc_DefBlend.uexp" 1410
"../../../Engine/Content/MapTemplates/TilingNoise05.ubulk" 1411
"../../../Engine/Content/MapTemplates/TilingNoise05.uasset" 1412
"../../../Engine/Content/MapTemplates/TilingNoise05.uexp" 1413
"../../../Engine/Content/Functions/Engine_MaterialFunctions01/Gradient/LinearGradient.uasset" 1414
"../../../Engine/Content/Functions/Engine_MaterialFunctions01/Gradient/LinearGradient.uexp" 1415
"../../../Engine/Content/Functions/Engine_MaterialFunctions02/ValueStep.uasset" 1416
"../../../Engine/Content/Functions/Engine_MaterialFunctions02/ValueStep.uexp" 1417
"../../../Engine/Content/Functions/Engine_MaterialFunctions02/Lerp_3Color.uasset" 1418
"../../../Engine/Content/Functions/Engine_MaterialFunctions02/Lerp_3Color.uexp" 1419
"F:/UnrealProjects/Wizard_Dormitory/Content/VFX/Potal/MF_Dissolve.uasset" 1420
"F:/UnrealProjects/Wizard_Dormitory/Content/VFX/Potal/MF_Dissolve.uexp" 1421
"../../../Engine/Content/EngineMaterials/BlendFunc_DefBase.uasset" 1422
"../../../Engine/Content/EngineMaterials/BlendFunc_DefBase.uexp" 1423
"../../../Engine/Content/Functions/Engine_MaterialFunctions03/Blends/Blend_ColorDodge.uasset" 1424
"../../../Engine/Content/Functions/Engine_MaterialFunctions03/Blends/Blend_ColorDodge.uexp" 1425
"F:/UnrealProjects/Wizard_Dormitory/Content/VFX/Potal/M_Portal_V2.uasset" 1426
"F:/UnrealProjects/Wizard_Dormitory/Content/VFX/Potal/M_Portal_V2.uexp" 1427
"F:/UnrealProjects/Wizard_Dormitory/Content/SFX/SFX_Potal.ubulk" 1428
"F:/UnrealProjects/Wizard_Dormitory/Content/SFX/SFX_Potal.uasset" 1429
"F:/UnrealProjects/Wizard_Dormitory/Content/SFX/SFX_Potal.uexp" 1430
"F:/UnrealProjects/Wizard_Dormitory/Content/VFX/Potal/NS_Potal_V2.uasset" 1431
"F:/UnrealProjects/Wizard_Dormitory/Content/VFX/Potal/NS_Potal_V2.uexp" 1432
"F:/UnrealProjects/Wizard_Dormitory/Content/NPC/BP_TargetPoint.uasset" 1433
"F:/UnrealProjects/Wizard_Dormitory/Content/NPC/BP_TargetPoint.uexp" 1434
"F:/UnrealProjects/Wizard_Dormitory/Content/Audio/Dialogue/Numbers/8.ubulk" 1435
"F:/UnrealProjects/Wizard_Dormitory/Content/Audio/Dialogue/Numbers/8.uasset" 1436
"F:/UnrealProjects/Wizard_Dormitory/Content/Audio/Dialogue/Numbers/8.uexp" 1437
"F:/UnrealProjects/Wizard_Dormitory/Content/Audio/Dialogue/Numbers/1.ubulk" 1438
"F:/UnrealProjects/Wizard_Dormitory/Content/Audio/Dialogue/Numbers/1.uasset" 1439
"F:/UnrealProjects/Wizard_Dormitory/Content/Audio/Dialogue/Numbers/1.uexp" 1440
"F:/UnrealProjects/Wizard_Dormitory/Content/Audio/Dialogue/Numbers/3.ubulk" 1441
"F:/UnrealProjects/Wizard_Dormitory/Content/Audio/Dialogue/Numbers/3.uasset" 1442
"F:/UnrealProjects/Wizard_Dormitory/Content/Audio/Dialogue/Numbers/3.uexp" 1443
"F:/UnrealProjects/Wizard_Dormitory/Content/Audio/Dialogue/Numbers/End.ubulk" 1444
"F:/UnrealProjects/Wizard_Dormitory/Content/Audio/Dialogue/Numbers/End.uasset" 1445
"F:/UnrealProjects/Wizard_Dormitory/Content/Audio/Dialogue/Numbers/End.uexp" 1446
"F:/UnrealProjects/Wizard_Dormitory/Content/NPC/Material/M_Eye_Fix.uasset" 1447
"F:/UnrealProjects/Wizard_Dormitory/Content/NPC/Material/M_Eye_Fix.uexp" 1448
"F:/UnrealProjects/Wizard_Dormitory/Content/Material/Material_Hightlight/M_Highlight_Inst_NPC.uasset" 1449
"F:/UnrealProjects/Wizard_Dormitory/Content/Material/Material_Hightlight/M_Highlight_Inst_NPC.uexp" 1450
"F:/UnrealProjects/Wizard_Dormitory/Content/NPC/Animation/NA_Talk_02_Re.uasset" 1451
"F:/UnrealProjects/Wizard_Dormitory/Content/NPC/Animation/NA_Talk_02_Re.uexp" 1452
"F:/UnrealProjects/Wizard_Dormitory/Content/NPC/Animation/Montage/NA_Talk_02_Re_Montage.uasset" 1453
"F:/UnrealProjects/Wizard_Dormitory/Content/NPC/Animation/Montage/NA_Talk_02_Re_Montage.uexp" 1454
"F:/UnrealProjects/Wizard_Dormitory/Content/Audio/Dialogue/Numbers/4.ubulk" 1455
"F:/UnrealProjects/Wizard_Dormitory/Content/Audio/Dialogue/Numbers/4.uasset" 1456
"F:/UnrealProjects/Wizard_Dormitory/Content/Audio/Dialogue/Numbers/4.uexp" 1457
"F:/UnrealProjects/Wizard_Dormitory/Content/Audio/Dialogue/Numbers/2.ubulk" 1458
"F:/UnrealProjects/Wizard_Dormitory/Content/Audio/Dialogue/Numbers/2.uasset" 1459
"F:/UnrealProjects/Wizard_Dormitory/Content/Audio/Dialogue/Numbers/2.uexp" 1460
"F:/UnrealProjects/Wizard_Dormitory/Content/Audio/Dialogue/Pass/Pass_1.ubulk" 1461
"F:/UnrealProjects/Wizard_Dormitory/Content/Audio/Dialogue/Pass/Pass_1.uasset" 1462
"F:/UnrealProjects/Wizard_Dormitory/Content/Audio/Dialogue/Pass/Pass_1.uexp" 1463
"F:/UnrealProjects/Wizard_Dormitory/Content/Audio/Dialogue/Pass/Pass_2.ubulk" 1464
"F:/UnrealProjects/Wizard_Dormitory/Content/Audio/Dialogue/Pass/Pass_2.uasset" 1465
"F:/UnrealProjects/Wizard_Dormitory/Content/Audio/Dialogue/Pass/Pass_2.uexp" 1466
"F:/UnrealProjects/Wizard_Dormitory/Content/Audio/Dialogue/Pass/Pass_3.ubulk" 1467
"F:/UnrealProjects/Wizard_Dormitory/Content/Audio/Dialogue/Pass/Pass_3.uasset" 1468
"F:/UnrealProjects/Wizard_Dormitory/Content/Audio/Dialogue/Pass/Pass_3.uexp" 1469
"F:/UnrealProjects/Wizard_Dormitory/Content/Audio/Dialogue/Pass/Pass_4.ubulk" 1470
"F:/UnrealProjects/Wizard_Dormitory/Content/Audio/Dialogue/Pass/Pass_4.uasset" 1471
"F:/UnrealProjects/Wizard_Dormitory/Content/Audio/Dialogue/Pass/Pass_4.uexp" 1472
"F:/UnrealProjects/Wizard_Dormitory/Content/Audio/Dialogue/Pass/Pass_5.ubulk" 1473
"F:/UnrealProjects/Wizard_Dormitory/Content/Audio/Dialogue/Pass/Pass_5.uasset" 1474
"F:/UnrealProjects/Wizard_Dormitory/Content/Audio/Dialogue/Pass/Pass_5.uexp" 1475
"F:/UnrealProjects/Wizard_Dormitory/Content/Audio/Dialogue/Pass/Pass_6.ubulk" 1476
"F:/UnrealProjects/Wizard_Dormitory/Content/Audio/Dialogue/Pass/Pass_6.uasset" 1477
"F:/UnrealProjects/Wizard_Dormitory/Content/Audio/Dialogue/Pass/Pass_6.uexp" 1478
"F:/UnrealProjects/Wizard_Dormitory/Content/System/DataTable/DT_Pass.uasset" 1479
"F:/UnrealProjects/Wizard_Dormitory/Content/System/DataTable/DT_Pass.uexp" 1480
"F:/UnrealProjects/Wizard_Dormitory/Content/Audio/Dialogue/NameIdentify/Devon.ubulk" 1481
"F:/UnrealProjects/Wizard_Dormitory/Content/Audio/Dialogue/NameIdentify/Devon.uasset" 1482
"F:/UnrealProjects/Wizard_Dormitory/Content/Audio/Dialogue/NameIdentify/Devon.uexp" 1483
"F:/UnrealProjects/Wizard_Dormitory/Content/Audio/Dialogue/NameIdentify/GGO.ubulk" 1484
"F:/UnrealProjects/Wizard_Dormitory/Content/Audio/Dialogue/NameIdentify/GGO.uasset" 1485
"F:/UnrealProjects/Wizard_Dormitory/Content/Audio/Dialogue/NameIdentify/GGO.uexp" 1486
"F:/UnrealProjects/Wizard_Dormitory/Content/Audio/Dialogue/NameIdentify/Drew.ubulk" 1487
"F:/UnrealProjects/Wizard_Dormitory/Content/Audio/Dialogue/NameIdentify/Drew.uasset" 1488
"F:/UnrealProjects/Wizard_Dormitory/Content/Audio/Dialogue/NameIdentify/Drew.uexp" 1489
"F:/UnrealProjects/Wizard_Dormitory/Content/Audio/Dialogue/NameIdentify/Taylor.ubulk" 1490
"F:/UnrealProjects/Wizard_Dormitory/Content/Audio/Dialogue/NameIdentify/Taylor.uasset" 1491
"F:/UnrealProjects/Wizard_Dormitory/Content/Audio/Dialogue/NameIdentify/Taylor.uexp" 1492
"F:/UnrealProjects/Wizard_Dormitory/Content/Audio/Dialogue/NameIdentify/Blair.ubulk" 1493
"F:/UnrealProjects/Wizard_Dormitory/Content/Audio/Dialogue/NameIdentify/Blair.uasset" 1494
"F:/UnrealProjects/Wizard_Dormitory/Content/Audio/Dialogue/NameIdentify/Blair.uexp" 1495
"F:/UnrealProjects/Wizard_Dormitory/Content/Audio/Dialogue/NameIdentify/Kelly.ubulk" 1496
"F:/UnrealProjects/Wizard_Dormitory/Content/Audio/Dialogue/NameIdentify/Kelly.uasset" 1497
"F:/UnrealProjects/Wizard_Dormitory/Content/Audio/Dialogue/NameIdentify/Kelly.uexp" 1498
"F:/UnrealProjects/Wizard_Dormitory/Content/Audio/Dialogue/NameIdentify/Charlie.ubulk" 1499
"F:/UnrealProjects/Wizard_Dormitory/Content/Audio/Dialogue/NameIdentify/Charlie.uasset" 1500
"F:/UnrealProjects/Wizard_Dormitory/Content/Audio/Dialogue/NameIdentify/Charlie.uexp" 1501
"F:/UnrealProjects/Wizard_Dormitory/Content/Audio/Dialogue/NameIdentify/Kendall.ubulk" 1502
"F:/UnrealProjects/Wizard_Dormitory/Content/Audio/Dialogue/NameIdentify/Kendall.uasset" 1503
"F:/UnrealProjects/Wizard_Dormitory/Content/Audio/Dialogue/NameIdentify/Kendall.uexp" 1504
"F:/UnrealProjects/Wizard_Dormitory/Content/Audio/Dialogue/NameIdentify/KBS.ubulk" 1505
"F:/UnrealProjects/Wizard_Dormitory/Content/Audio/Dialogue/NameIdentify/KBS.uasset" 1506
"F:/UnrealProjects/Wizard_Dormitory/Content/Audio/Dialogue/NameIdentify/KBS.uexp" 1507
"F:/UnrealProjects/Wizard_Dormitory/Content/Audio/Dialogue/NameIdentify/Emerson.ubulk" 1508
"F:/UnrealProjects/Wizard_Dormitory/Content/Audio/Dialogue/NameIdentify/Emerson.uasset" 1509
"F:/UnrealProjects/Wizard_Dormitory/Content/Audio/Dialogue/NameIdentify/Emerson.uexp" 1510
"F:/UnrealProjects/Wizard_Dormitory/Content/Audio/Dialogue/NameIdentify/JEJ.ubulk" 1511
"F:/UnrealProjects/Wizard_Dormitory/Content/Audio/Dialogue/NameIdentify/JEJ.uasset" 1512
"F:/UnrealProjects/Wizard_Dormitory/Content/Audio/Dialogue/NameIdentify/JEJ.uexp" 1513
"F:/UnrealProjects/Wizard_Dormitory/Content/Audio/Dialogue/NameIdentify/Riley.ubulk" 1514
"F:/UnrealProjects/Wizard_Dormitory/Content/Audio/Dialogue/NameIdentify/Riley.uasset" 1515
"F:/UnrealProjects/Wizard_Dormitory/Content/Audio/Dialogue/NameIdentify/Riley.uexp" 1516
"F:/UnrealProjects/Wizard_Dormitory/Content/Audio/Dialogue/NameIdentify/Finley.ubulk" 1517
"F:/UnrealProjects/Wizard_Dormitory/Content/Audio/Dialogue/NameIdentify/Finley.uasset" 1518
"F:/UnrealProjects/Wizard_Dormitory/Content/Audio/Dialogue/NameIdentify/Finley.uexp" 1519
"F:/UnrealProjects/Wizard_Dormitory/Content/Audio/Dialogue/NameIdentify/Sydney.ubulk" 1520
"F:/UnrealProjects/Wizard_Dormitory/Content/Audio/Dialogue/NameIdentify/Sydney.uasset" 1521
"F:/UnrealProjects/Wizard_Dormitory/Content/Audio/Dialogue/NameIdentify/Sydney.uexp" 1522
"F:/UnrealProjects/Wizard_Dormitory/Content/Audio/Dialogue/NameIdentify/Arden.ubulk" 1523
"F:/UnrealProjects/Wizard_Dormitory/Content/Audio/Dialogue/NameIdentify/Arden.uasset" 1524
"F:/UnrealProjects/Wizard_Dormitory/Content/Audio/Dialogue/NameIdentify/Arden.uexp" 1525
"F:/UnrealProjects/Wizard_Dormitory/Content/Audio/Dialogue/NameIdentify/Elliot.ubulk" 1526
"F:/UnrealProjects/Wizard_Dormitory/Content/Audio/Dialogue/NameIdentify/Elliot.uasset" 1527
"F:/UnrealProjects/Wizard_Dormitory/Content/Audio/Dialogue/NameIdentify/Elliot.uexp" 1528
"F:/UnrealProjects/Wizard_Dormitory/Content/Audio/Dialogue/NameIdentify/Robin.ubulk" 1529
"F:/UnrealProjects/Wizard_Dormitory/Content/Audio/Dialogue/NameIdentify/Robin.uasset" 1530
"F:/UnrealProjects/Wizard_Dormitory/Content/Audio/Dialogue/NameIdentify/Robin.uexp" 1531
"F:/UnrealProjects/Wizard_Dormitory/Content/Audio/Dialogue/NameIdentify/Harley.ubulk" 1532
"F:/UnrealProjects/Wizard_Dormitory/Content/Audio/Dialogue/NameIdentify/Harley.uasset" 1533
"F:/UnrealProjects/Wizard_Dormitory/Content/Audio/Dialogue/NameIdentify/Harley.uexp" 1534
"F:/UnrealProjects/Wizard_Dormitory/Content/Audio/Dialogue/NameIdentify/Kai.ubulk" 1535
"F:/UnrealProjects/Wizard_Dormitory/Content/Audio/Dialogue/NameIdentify/Kai.uasset" 1536
"F:/UnrealProjects/Wizard_Dormitory/Content/Audio/Dialogue/NameIdentify/Kai.uexp" 1537
"F:/UnrealProjects/Wizard_Dormitory/Content/Audio/Dialogue/NameIdentify/Addison.ubulk" 1538
"F:/UnrealProjects/Wizard_Dormitory/Content/Audio/Dialogue/NameIdentify/Addison.uasset" 1539
"F:/UnrealProjects/Wizard_Dormitory/Content/Audio/Dialogue/NameIdentify/Addison.uexp" 1540
"F:/UnrealProjects/Wizard_Dormitory/Content/Audio/Dialogue/NameIdentify/CGH.ubulk" 1541
"F:/UnrealProjects/Wizard_Dormitory/Content/Audio/Dialogue/NameIdentify/CGH.uasset" 1542
"F:/UnrealProjects/Wizard_Dormitory/Content/Audio/Dialogue/NameIdentify/CGH.uexp" 1543
"F:/UnrealProjects/Wizard_Dormitory/Content/Audio/Dialogue/NameIdentify/Jamie.ubulk" 1544
"F:/UnrealProjects/Wizard_Dormitory/Content/Audio/Dialogue/NameIdentify/Jamie.uasset" 1545
"F:/UnrealProjects/Wizard_Dormitory/Content/Audio/Dialogue/NameIdentify/Jamie.uexp" 1546
"F:/UnrealProjects/Wizard_Dormitory/Content/System/DataTable/DT_NameIdentify.uasset" 1547
"F:/UnrealProjects/Wizard_Dormitory/Content/System/DataTable/DT_NameIdentify.uexp" 1548
"F:/UnrealProjects/Wizard_Dormitory/Content/Object/Object_Texture/T_CardReader.ubulk" 1549
"F:/UnrealProjects/Wizard_Dormitory/Content/Object/Object_Texture/T_CardReader.uasset" 1550
"F:/UnrealProjects/Wizard_Dormitory/Content/Object/Object_Texture/T_CardReader.uexp" 1551
"F:/UnrealProjects/Wizard_Dormitory/Content/Object/Object_Material/M_CardReader.uasset" 1552
"F:/UnrealProjects/Wizard_Dormitory/Content/Object/Object_Material/M_CardReader.uexp" 1553
"F:/UnrealProjects/Wizard_Dormitory/Content/SFX/SFX_CardReading.ubulk" 1554
"F:/UnrealProjects/Wizard_Dormitory/Content/SFX/SFX_CardReading.uasset" 1555
"F:/UnrealProjects/Wizard_Dormitory/Content/SFX/SFX_CardReading.uexp" 1556
"../../../Engine/Content/Functions/Engine_MaterialFunctions02/Utility/Sine_Remapped.uasset" 1557
"../../../Engine/Content/Functions/Engine_MaterialFunctions02/Utility/Sine_Remapped.uexp" 1558
"F:/UnrealProjects/Wizard_Dormitory/Content/Object/Object_Material/M_Utility_Light.uasset" 1559
"F:/UnrealProjects/Wizard_Dormitory/Content/Object/Object_Material/M_Utility_Light.uexp" 1560
"F:/UnrealProjects/Wizard_Dormitory/Content/Object/Object_Material/M_CardReader_Holo.uasset" 1561
"F:/UnrealProjects/Wizard_Dormitory/Content/Object/Object_Material/M_CardReader_Holo.uexp" 1562
"F:/UnrealProjects/Wizard_Dormitory/Content/Object/Object_Mesh/SM_CardReader.ubulk" 1563
"F:/UnrealProjects/Wizard_Dormitory/Content/Object/Object_Mesh/SM_CardReader.uasset" 1564
"F:/UnrealProjects/Wizard_Dormitory/Content/Object/Object_Mesh/SM_CardReader.uexp" 1565
"F:/UnrealProjects/Wizard_Dormitory/Content/Blueprints/BP_CardReader.uasset" 1566
"F:/UnrealProjects/Wizard_Dormitory/Content/Blueprints/BP_CardReader.uexp" 1567
"F:/UnrealProjects/Wizard_Dormitory/Content/Audio/Dialogue/Numbers/5.ubulk" 1568
"F:/UnrealProjects/Wizard_Dormitory/Content/Audio/Dialogue/Numbers/5.uasset" 1569
"F:/UnrealProjects/Wizard_Dormitory/Content/Audio/Dialogue/Numbers/5.uexp" 1570
"F:/UnrealProjects/Wizard_Dormitory/Content/NPC/Animation/NA_Talk_01_Re.uasset" 1571
"F:/UnrealProjects/Wizard_Dormitory/Content/NPC/Animation/NA_Talk_01_Re.uexp" 1572
"F:/UnrealProjects/Wizard_Dormitory/Content/NPC/Animation/Montage/NA_Talk_01_Re_Montage.uasset" 1573
"F:/UnrealProjects/Wizard_Dormitory/Content/NPC/Animation/Montage/NA_Talk_01_Re_Montage.uexp" 1574
"F:/UnrealProjects/Wizard_Dormitory/Content/NPC/Animation/NA_Talk_03_Re.uasset" 1575
"F:/UnrealProjects/Wizard_Dormitory/Content/NPC/Animation/NA_Talk_03_Re.uexp" 1576
"F:/UnrealProjects/Wizard_Dormitory/Content/NPC/Animation/Montage/NA_Talk_03_Re_Montage.uasset" 1577
"F:/UnrealProjects/Wizard_Dormitory/Content/NPC/Animation/Montage/NA_Talk_03_Re_Montage.uexp" 1578
"F:/UnrealProjects/Wizard_Dormitory/Content/NPC/Animation/Anim_Hello.uasset" 1579
"F:/UnrealProjects/Wizard_Dormitory/Content/NPC/Animation/Anim_Hello.uexp" 1580
"F:/UnrealProjects/Wizard_Dormitory/Content/NPC/Animation/Montage/Anim_Hello_Montage.uasset" 1581
"F:/UnrealProjects/Wizard_Dormitory/Content/NPC/Animation/Montage/Anim_Hello_Montage.uexp" 1582
"F:/UnrealProjects/Wizard_Dormitory/Content/VFX/symbol/Texture/Aurora.ubulk" 1583
"F:/UnrealProjects/Wizard_Dormitory/Content/VFX/symbol/Texture/Aurora.uasset" 1584
"F:/UnrealProjects/Wizard_Dormitory/Content/VFX/symbol/Texture/Aurora.uexp" 1585
"F:/UnrealProjects/Wizard_Dormitory/Content/VFX/symbol/Texture/T_Aurora1.ubulk" 1586
"F:/UnrealProjects/Wizard_Dormitory/Content/VFX/symbol/Texture/T_Aurora1.uasset" 1587
"F:/UnrealProjects/Wizard_Dormitory/Content/VFX/symbol/Texture/T_Aurora1.uexp" 1588
"F:/UnrealProjects/Wizard_Dormitory/Content/VFX/symbol/Material/M_Aurora.uasset" 1589
"F:/UnrealProjects/Wizard_Dormitory/Content/VFX/symbol/Material/M_Aurora.uexp" 1590
"F:/UnrealProjects/Wizard_Dormitory/Content/VFX/symbol/NS_Aurora.uasset" 1591
"F:/UnrealProjects/Wizard_Dormitory/Content/VFX/symbol/NS_Aurora.uexp" 1592
"F:/UnrealProjects/Wizard_Dormitory/Content/Audio/Dialogue/Greeting/Greeting_1.ubulk" 1593
"F:/UnrealProjects/Wizard_Dormitory/Content/Audio/Dialogue/Greeting/Greeting_1.uasset" 1594
"F:/UnrealProjects/Wizard_Dormitory/Content/Audio/Dialogue/Greeting/Greeting_1.uexp" 1595
"F:/UnrealProjects/Wizard_Dormitory/Content/Audio/Dialogue/Greeting/Greeting_2.ubulk" 1596
"F:/UnrealProjects/Wizard_Dormitory/Content/Audio/Dialogue/Greeting/Greeting_2.uasset" 1597
"F:/UnrealProjects/Wizard_Dormitory/Content/Audio/Dialogue/Greeting/Greeting_2.uexp" 1598
"F:/UnrealProjects/Wizard_Dormitory/Content/Audio/Dialogue/Greeting/Greeting_3.ubulk" 1599
"F:/UnrealProjects/Wizard_Dormitory/Content/Audio/Dialogue/Greeting/Greeting_3.uasset" 1600
"F:/UnrealProjects/Wizard_Dormitory/Content/Audio/Dialogue/Greeting/Greeting_3.uexp" 1601
"F:/UnrealProjects/Wizard_Dormitory/Content/Audio/Dialogue/Greeting/Greeting_4.ubulk" 1602
"F:/UnrealProjects/Wizard_Dormitory/Content/Audio/Dialogue/Greeting/Greeting_4.uasset" 1603
"F:/UnrealProjects/Wizard_Dormitory/Content/Audio/Dialogue/Greeting/Greeting_4.uexp" 1604
"F:/UnrealProjects/Wizard_Dormitory/Content/Audio/Dialogue/Greeting/Greeting_5.ubulk" 1605
"F:/UnrealProjects/Wizard_Dormitory/Content/Audio/Dialogue/Greeting/Greeting_5.uasset" 1606
"F:/UnrealProjects/Wizard_Dormitory/Content/Audio/Dialogue/Greeting/Greeting_5.uexp" 1607
"F:/UnrealProjects/Wizard_Dormitory/Content/System/DataTable/DT_GreetingDialogue.uasset" 1608
"F:/UnrealProjects/Wizard_Dormitory/Content/System/DataTable/DT_GreetingDialogue.uexp" 1609
"F:/UnrealProjects/Wizard_Dormitory/Content/Audio/Dialogue/Numbers/6.ubulk" 1610
"F:/UnrealProjects/Wizard_Dormitory/Content/Audio/Dialogue/Numbers/6.uasset" 1611
"F:/UnrealProjects/Wizard_Dormitory/Content/Audio/Dialogue/Numbers/6.uexp" 1612
"F:/UnrealProjects/Wizard_Dormitory/Content/NPC/BP_NPC.uasset" 1613
"F:/UnrealProjects/Wizard_Dormitory/Content/NPC/BP_NPC.uexp" 1614
"F:/UnrealProjects/Wizard_Dormitory/Content/Object/Object_Texture/T_Phone_DialPointer.ubulk" 1615
"F:/UnrealProjects/Wizard_Dormitory/Content/Object/Object_Texture/T_Phone_DialPointer.uasset" 1616
"F:/UnrealProjects/Wizard_Dormitory/Content/Object/Object_Texture/T_Phone_DialPointer.uexp" 1617
"F:/UnrealProjects/Wizard_Dormitory/Content/Object/Object_Material/M_Phone_DialPointer.uasset" 1618
"F:/UnrealProjects/Wizard_Dormitory/Content/Object/Object_Material/M_Phone_DialPointer.uexp" 1619
"F:/UnrealProjects/Wizard_Dormitory/Content/Object/Object_Mesh/SM_Phone_DialPointer.ubulk" 1620
"F:/UnrealProjects/Wizard_Dormitory/Content/Object/Object_Mesh/SM_Phone_DialPointer.uasset" 1621
"F:/UnrealProjects/Wizard_Dormitory/Content/Object/Object_Mesh/SM_Phone_DialPointer.uexp" 1622
"F:/UnrealProjects/Wizard_Dormitory/Content/SFX/SFX_CallEnd.ubulk" 1623
"F:/UnrealProjects/Wizard_Dormitory/Content/SFX/SFX_CallEnd.uasset" 1624
"F:/UnrealProjects/Wizard_Dormitory/Content/SFX/SFX_CallEnd.uexp" 1625
"F:/UnrealProjects/Wizard_Dormitory/Content/SFX/SFX_Twinkle.ubulk" 1626
"F:/UnrealProjects/Wizard_Dormitory/Content/SFX/SFX_Twinkle.uasset" 1627
"F:/UnrealProjects/Wizard_Dormitory/Content/SFX/SFX_Twinkle.uexp" 1628
"../../../Engine/Content/BasicShapes/Cube.ubulk" 1629
"../../../Engine/Content/BasicShapes/Cube.uasset" 1630
"../../../Engine/Content/BasicShapes/Cube.uexp" 1631
"F:/UnrealProjects/Wizard_Dormitory/Content/StarterContent/Textures/T_Wood_Walnut_N.ubulk" 1632
"F:/UnrealProjects/Wizard_Dormitory/Content/StarterContent/Textures/T_Wood_Walnut_N.uasset" 1633
"F:/UnrealProjects/Wizard_Dormitory/Content/StarterContent/Textures/T_Wood_Walnut_N.uexp" 1634
"F:/UnrealProjects/Wizard_Dormitory/Content/StarterContent/Textures/T_Wood_Walnut_D.ubulk" 1635
"F:/UnrealProjects/Wizard_Dormitory/Content/StarterContent/Textures/T_Wood_Walnut_D.uasset" 1636
"F:/UnrealProjects/Wizard_Dormitory/Content/StarterContent/Textures/T_Wood_Walnut_D.uexp" 1637
"F:/UnrealProjects/Wizard_Dormitory/Content/StarterContent/Materials/M_Wood_Walnut.uasset" 1638
"F:/UnrealProjects/Wizard_Dormitory/Content/StarterContent/Materials/M_Wood_Walnut.uexp" 1639
"F:/UnrealProjects/Wizard_Dormitory/Content/Blueprints/UMG/UMG_Tutorial.uasset" 1640
"F:/UnrealProjects/Wizard_Dormitory/Content/Blueprints/UMG/UMG_Tutorial.uexp" 1641
"F:/UnrealProjects/Wizard_Dormitory/Content/Blueprints/Wand/E_Objects.uasset" 1642
"F:/UnrealProjects/Wizard_Dormitory/Content/Blueprints/Wand/E_Objects.uexp" 1643
"F:/UnrealProjects/Wizard_Dormitory/Content/Object/Object_Texture/T_Radio_Cover.ubulk" 1644
"F:/UnrealProjects/Wizard_Dormitory/Content/Object/Object_Texture/T_Radio_Cover.uasset" 1645
"F:/UnrealProjects/Wizard_Dormitory/Content/Object/Object_Texture/T_Radio_Cover.uexp" 1646
"F:/UnrealProjects/Wizard_Dormitory/Content/Object/Object_Material/M_Radio_Cover.uasset" 1647
"F:/UnrealProjects/Wizard_Dormitory/Content/Object/Object_Material/M_Radio_Cover.uexp" 1648
"F:/UnrealProjects/Wizard_Dormitory/Content/Object/Object_Texture/T_Radio_Glass.ubulk" 1649
"F:/UnrealProjects/Wizard_Dormitory/Content/Object/Object_Texture/T_Radio_Glass.uasset" 1650
"F:/UnrealProjects/Wizard_Dormitory/Content/Object/Object_Texture/T_Radio_Glass.uexp" 1651
"F:/UnrealProjects/Wizard_Dormitory/Content/Object/Object_Material/M_Radio_Glass.uasset" 1652
"F:/UnrealProjects/Wizard_Dormitory/Content/Object/Object_Material/M_Radio_Glass.uexp" 1653
"F:/UnrealProjects/Wizard_Dormitory/Content/Object/Object_Mesh/SM_Radio_SM_Radio_Cover.ubulk" 1654
"F:/UnrealProjects/Wizard_Dormitory/Content/Object/Object_Mesh/SM_Radio_SM_Radio_Cover.uasset" 1655
"F:/UnrealProjects/Wizard_Dormitory/Content/Object/Object_Mesh/SM_Radio_SM_Radio_Cover.uexp" 1656
"F:/UnrealProjects/Wizard_Dormitory/Content/Object/Object_Texture/T_Radio.ubulk" 1657
"F:/UnrealProjects/Wizard_Dormitory/Content/Object/Object_Texture/T_Radio.uasset" 1658
"F:/UnrealProjects/Wizard_Dormitory/Content/Object/Object_Texture/T_Radio.uexp" 1659
"F:/UnrealProjects/Wizard_Dormitory/Content/Object/Object_Material/M_Radio.uasset" 1660
"F:/UnrealProjects/Wizard_Dormitory/Content/Object/Object_Material/M_Radio.uexp" 1661
"F:/UnrealProjects/Wizard_Dormitory/Content/Object/Object_Texture/SM_Radio_Needle.ubulk" 1662
"F:/UnrealProjects/Wizard_Dormitory/Content/Object/Object_Texture/SM_Radio_Needle.uasset" 1663
"F:/UnrealProjects/Wizard_Dormitory/Content/Object/Object_Texture/SM_Radio_Needle.uexp" 1664
"F:/UnrealProjects/Wizard_Dormitory/Content/Object/Object_Material/M_Radio_Needle.uasset" 1665
"F:/UnrealProjects/Wizard_Dormitory/Content/Object/Object_Material/M_Radio_Needle.uexp" 1666
"F:/UnrealProjects/Wizard_Dormitory/Content/Object/Object_Mesh/SM_Radio_SM_Radio_Needle.ubulk" 1667
"F:/UnrealProjects/Wizard_Dormitory/Content/Object/Object_Mesh/SM_Radio_SM_Radio_Needle.uasset" 1668
"F:/UnrealProjects/Wizard_Dormitory/Content/Object/Object_Mesh/SM_Radio_SM_Radio_Needle.uexp" 1669
"F:/UnrealProjects/Wizard_Dormitory/Content/Object/Object_Texture/T_Radio_LP.ubulk" 1670
"F:/UnrealProjects/Wizard_Dormitory/Content/Object/Object_Texture/T_Radio_LP.uasset" 1671
"F:/UnrealProjects/Wizard_Dormitory/Content/Object/Object_Texture/T_Radio_LP.uexp" 1672
"F:/UnrealProjects/Wizard_Dormitory/Content/Object/Object_Material/M_Radio_LP.uasset" 1673
"F:/UnrealProjects/Wizard_Dormitory/Content/Object/Object_Material/M_Radio_LP.uexp" 1674
"F:/UnrealProjects/Wizard_Dormitory/Content/Object/Object_Mesh/SM_Radio_SM_Radio.ubulk" 1675
"F:/UnrealProjects/Wizard_Dormitory/Content/Object/Object_Mesh/SM_Radio_SM_Radio.uasset" 1676
"F:/UnrealProjects/Wizard_Dormitory/Content/Object/Object_Mesh/SM_Radio_SM_Radio.uexp" 1677
"F:/UnrealProjects/Wizard_Dormitory/Content/Object/Object_Texture/SM_Radio_Button.ubulk" 1678
"F:/UnrealProjects/Wizard_Dormitory/Content/Object/Object_Texture/SM_Radio_Button.uasset" 1679
"F:/UnrealProjects/Wizard_Dormitory/Content/Object/Object_Texture/SM_Radio_Button.uexp" 1680
"F:/UnrealProjects/Wizard_Dormitory/Content/Object/Object_Material/M_Radio_Dial.uasset" 1681
"F:/UnrealProjects/Wizard_Dormitory/Content/Object/Object_Material/M_Radio_Dial.uexp" 1682
"F:/UnrealProjects/Wizard_Dormitory/Content/Object/Object_Mesh/SM_Radio_SM_Radio_LP.ubulk" 1683
"F:/UnrealProjects/Wizard_Dormitory/Content/Object/Object_Mesh/SM_Radio_SM_Radio_LP.uasset" 1684
"F:/UnrealProjects/Wizard_Dormitory/Content/Object/Object_Mesh/SM_Radio_SM_Radio_LP.uexp" 1685
"F:/UnrealProjects/Wizard_Dormitory/Content/Object/Object_Mesh/SM_Radio_SM_Radio_Button.ubulk" 1686
"F:/UnrealProjects/Wizard_Dormitory/Content/Object/Object_Mesh/SM_Radio_SM_Radio_Button.uasset" 1687
"F:/UnrealProjects/Wizard_Dormitory/Content/Object/Object_Mesh/SM_Radio_SM_Radio_Button.uexp" 1688
"F:/UnrealProjects/Wizard_Dormitory/Content/Blueprints/BP_Radio.uasset" 1689
"F:/UnrealProjects/Wizard_Dormitory/Content/Blueprints/BP_Radio.uexp" 1690
"F:/UnrealProjects/Wizard_Dormitory/Content/Object/Object_Texture/T_UV_Gate.ubulk" 1691
"F:/UnrealProjects/Wizard_Dormitory/Content/Object/Object_Texture/T_UV_Gate.uasset" 1692
"F:/UnrealProjects/Wizard_Dormitory/Content/Object/Object_Texture/T_UV_Gate.uexp" 1693
"F:/UnrealProjects/Wizard_Dormitory/Content/Object/Object_Material/M_Gate.uasset" 1694
"F:/UnrealProjects/Wizard_Dormitory/Content/Object/Object_Material/M_Gate.uexp" 1695
"F:/UnrealProjects/Wizard_Dormitory/Content/Object/Object_Mesh/SM_Gate.ubulk" 1696
"F:/UnrealProjects/Wizard_Dormitory/Content/Object/Object_Mesh/SM_Gate.uasset" 1697
"F:/UnrealProjects/Wizard_Dormitory/Content/Object/Object_Mesh/SM_Gate.uexp" 1698
"F:/UnrealProjects/Wizard_Dormitory/Content/Blueprints/BP_Gate_Right.uasset" 1699
"F:/UnrealProjects/Wizard_Dormitory/Content/Blueprints/BP_Gate_Right.uexp" 1700
"F:/UnrealProjects/Wizard_Dormitory/Content/Blueprints/BP_Gate_Left.uasset" 1701
"F:/UnrealProjects/Wizard_Dormitory/Content/Blueprints/BP_Gate_Left.uexp" 1702
"../../../Engine/Plugins/FX/Niagara/Content/DefaultAssets/DefaultSpriteMaterial.uasset" 1703
"../../../Engine/Plugins/FX/Niagara/Content/DefaultAssets/DefaultSpriteMaterial.uexp" 1704
"../../../Engine/Content/Functions/Engine_MaterialFunctions01/Gradient/RadialGradient.uasset" 1705
"../../../Engine/Content/Functions/Engine_MaterialFunctions01/Gradient/RadialGradient.uexp" 1706
"F:/UnrealProjects/Wizard_Dormitory/Content/VFX/magic/Material/M_Copy_Radial_Gradient.uasset" 1707
"F:/UnrealProjects/Wizard_Dormitory/Content/VFX/magic/Material/M_Copy_Radial_Gradient.uexp" 1708
"F:/UnrealProjects/Wizard_Dormitory/Content/VFX/magic/NS_magic_Charging.uasset" 1709
"F:/UnrealProjects/Wizard_Dormitory/Content/VFX/magic/NS_magic_Charging.uexp" 1710
"F:/UnrealProjects/Wizard_Dormitory/Content/System/Input/Wand/Action/IA_Wand_Click_Right.uasset" 1711
"F:/UnrealProjects/Wizard_Dormitory/Content/System/Input/Wand/Action/IA_Wand_Click_Right.uexp" 1712
"F:/UnrealProjects/Wizard_Dormitory/Content/System/Input/Wand/IMC_Wand_Right.uasset" 1713
"F:/UnrealProjects/Wizard_Dormitory/Content/System/Input/Wand/IMC_Wand_Right.uexp" 1714
"F:/UnrealProjects/Wizard_Dormitory/Content/System/Input/Wand/Action/IA_Wand_Click_Left.uasset" 1715
"F:/UnrealProjects/Wizard_Dormitory/Content/System/Input/Wand/Action/IA_Wand_Click_Left.uexp" 1716
"F:/UnrealProjects/Wizard_Dormitory/Content/Object/Object_Texture/T_Wand_UV.ubulk" 1717
"F:/UnrealProjects/Wizard_Dormitory/Content/Object/Object_Texture/T_Wand_UV.uasset" 1718
"F:/UnrealProjects/Wizard_Dormitory/Content/Object/Object_Texture/T_Wand_UV.uexp" 1719
"F:/UnrealProjects/Wizard_Dormitory/Content/Object/Object_Material/M_Wand.uasset" 1720
"F:/UnrealProjects/Wizard_Dormitory/Content/Object/Object_Material/M_Wand.uexp" 1721
"F:/UnrealProjects/Wizard_Dormitory/Content/Object/Object_Mesh/SM_Wand.ubulk" 1722
"F:/UnrealProjects/Wizard_Dormitory/Content/Object/Object_Mesh/SM_Wand.uasset" 1723
"F:/UnrealProjects/Wizard_Dormitory/Content/Object/Object_Mesh/SM_Wand.uexp" 1724
"F:/UnrealProjects/Wizard_Dormitory/Content/System/Input/Wand/IMC_Wand_Left.uasset" 1725
"F:/UnrealProjects/Wizard_Dormitory/Content/System/Input/Wand/IMC_Wand_Left.uexp" 1726
"F:/UnrealProjects/Wizard_Dormitory/Content/StarterContent/Textures/T_Burst_M.ubulk" 1727
"F:/UnrealProjects/Wizard_Dormitory/Content/StarterContent/Textures/T_Burst_M.uasset" 1728
"F:/UnrealProjects/Wizard_Dormitory/Content/StarterContent/Textures/T_Burst_M.uexp" 1729
"F:/UnrealProjects/Wizard_Dormitory/Content/VFX/magic/Material/M_Copy_Burst.uasset" 1730
"F:/UnrealProjects/Wizard_Dormitory/Content/VFX/magic/Material/M_Copy_Burst.uexp" 1731
"F:/UnrealProjects/Wizard_Dormitory/Content/VFX/magic/NS_magic_shot.uasset" 1732
"F:/UnrealProjects/Wizard_Dormitory/Content/VFX/magic/NS_magic_shot.uexp" 1733
"F:/UnrealProjects/Wizard_Dormitory/Content/SFX/SFX_Magic.ubulk" 1734
"F:/UnrealProjects/Wizard_Dormitory/Content/SFX/SFX_Magic.uasset" 1735
"F:/UnrealProjects/Wizard_Dormitory/Content/SFX/SFX_Magic.uexp" 1736
"F:/UnrealProjects/Wizard_Dormitory/Content/Blueprints/Wand/BP_Wand.uasset" 1737
"F:/UnrealProjects/Wizard_Dormitory/Content/Blueprints/Wand/BP_Wand.uexp" 1738
"F:/UnrealProjects/Wizard_Dormitory/Content/Blueprints/BP_HowToPlay.uasset" 1739
"F:/UnrealProjects/Wizard_Dormitory/Content/Blueprints/BP_HowToPlay.uexp" 1740
"F:/UnrealProjects/Wizard_Dormitory/Content/SFX/SFX_PickupTelephone.ubulk" 1741
"F:/UnrealProjects/Wizard_Dormitory/Content/SFX/SFX_PickupTelephone.uasset" 1742
"F:/UnrealProjects/Wizard_Dormitory/Content/SFX/SFX_PickupTelephone.uexp" 1743
"F:/UnrealProjects/Wizard_Dormitory/Content/SFX/SA_Twinkle.uasset" 1744
"F:/UnrealProjects/Wizard_Dormitory/Content/SFX/SA_Twinkle.uexp" 1745
"F:/UnrealProjects/Wizard_Dormitory/Content/Object/Object_Texture/SM_Phone_01.ubulk" 1746
"F:/UnrealProjects/Wizard_Dormitory/Content/Object/Object_Texture/SM_Phone_01.uasset" 1747
"F:/UnrealProjects/Wizard_Dormitory/Content/Object/Object_Texture/SM_Phone_01.uexp" 1748
"F:/UnrealProjects/Wizard_Dormitory/Content/Object/Object_Material/M_Phone_Body.uasset" 1749
"F:/UnrealProjects/Wizard_Dormitory/Content/Object/Object_Material/M_Phone_Body.uexp" 1750
"F:/UnrealProjects/Wizard_Dormitory/Content/Object/Object_Mesh/SM_Phone_Body.ubulk" 1751
"F:/UnrealProjects/Wizard_Dormitory/Content/Object/Object_Mesh/SM_Phone_Body.uasset" 1752
"F:/UnrealProjects/Wizard_Dormitory/Content/Object/Object_Mesh/SM_Phone_Body.uexp" 1753
"F:/UnrealProjects/Wizard_Dormitory/Content/SFX/SFX_TelephoneRing.ubulk" 1754
"F:/UnrealProjects/Wizard_Dormitory/Content/SFX/SFX_TelephoneRing.uasset" 1755
"F:/UnrealProjects/Wizard_Dormitory/Content/SFX/SFX_TelephoneRing.uexp" 1756
"F:/UnrealProjects/Wizard_Dormitory/Content/Object/Object_Texture/SM_Phone_02.ubulk" 1757
"F:/UnrealProjects/Wizard_Dormitory/Content/Object/Object_Texture/SM_Phone_02.uasset" 1758
"F:/UnrealProjects/Wizard_Dormitory/Content/Object/Object_Texture/SM_Phone_02.uexp" 1759
"F:/UnrealProjects/Wizard_Dormitory/Content/Object/Object_Material/M_Phone_Handle.uasset" 1760
"F:/UnrealProjects/Wizard_Dormitory/Content/Object/Object_Material/M_Phone_Handle.uexp" 1761
"F:/UnrealProjects/Wizard_Dormitory/Content/Object/Object_Mesh/SM_Phone_Handle.ubulk" 1762
"F:/UnrealProjects/Wizard_Dormitory/Content/Object/Object_Mesh/SM_Phone_Handle.uasset" 1763
"F:/UnrealProjects/Wizard_Dormitory/Content/Object/Object_Mesh/SM_Phone_Handle.uexp" 1764
"F:/UnrealProjects/Wizard_Dormitory/Content/SFX/SFX_TelephoneNoise.ubulk" 1765
"F:/UnrealProjects/Wizard_Dormitory/Content/SFX/SFX_TelephoneNoise.uasset" 1766
"F:/UnrealProjects/Wizard_Dormitory/Content/SFX/SFX_TelephoneNoise.uexp" 1767
"F:/UnrealProjects/Wizard_Dormitory/Content/Object/Object_Texture/T_Phone_Dial.ubulk" 1768
"F:/UnrealProjects/Wizard_Dormitory/Content/Object/Object_Texture/T_Phone_Dial.uasset" 1769
"F:/UnrealProjects/Wizard_Dormitory/Content/Object/Object_Texture/T_Phone_Dial.uexp" 1770
"F:/UnrealProjects/Wizard_Dormitory/Content/Object/Object_Material/M_Phone_Dial.uasset" 1771
"F:/UnrealProjects/Wizard_Dormitory/Content/Object/Object_Material/M_Phone_Dial.uexp" 1772
"F:/UnrealProjects/Wizard_Dormitory/Content/Object/Object_Mesh/SM_Phone_Dial.ubulk" 1773
"F:/UnrealProjects/Wizard_Dormitory/Content/Object/Object_Mesh/SM_Phone_Dial.uasset" 1774
"F:/UnrealProjects/Wizard_Dormitory/Content/Object/Object_Mesh/SM_Phone_Dial.uexp" 1775
"F:/UnrealProjects/Wizard_Dormitory/Content/Blueprints/BP_Phone.uasset" 1776
"F:/UnrealProjects/Wizard_Dormitory/Content/Blueprints/BP_Phone.uexp" 1777
"F:/UnrealProjects/Wizard_Dormitory/Content/Blueprints/VRPawn.uasset" 1778
"F:/UnrealProjects/Wizard_Dormitory/Content/Blueprints/VRPawn.uexp" 1779
"F:/UnrealProjects/Wizard_Dormitory/Content/NPC/Mesh/Hair/SM_Hair_03.ubulk" 1780
"F:/UnrealProjects/Wizard_Dormitory/Content/NPC/Mesh/Hair/SM_Hair_03.uasset" 1781
"F:/UnrealProjects/Wizard_Dormitory/Content/NPC/Mesh/Hair/SM_Hair_03.uexp" 1782
"F:/UnrealProjects/Wizard_Dormitory/Content/NPC/Mesh/Hair/SM_Hair_01_Unlike.ubulk" 1783
"F:/UnrealProjects/Wizard_Dormitory/Content/NPC/Mesh/Hair/SM_Hair_01_Unlike.uasset" 1784
"F:/UnrealProjects/Wizard_Dormitory/Content/NPC/Mesh/Hair/SM_Hair_01_Unlike.uexp" 1785
"F:/UnrealProjects/Wizard_Dormitory/Content/System/DataTable/DT_Namelist.uasset" 1786
"F:/UnrealProjects/Wizard_Dormitory/Content/System/DataTable/DT_Namelist.uexp" 1787
"F:/UnrealProjects/Wizard_Dormitory/Content/System/BP_PlayGameModBase.uasset" 1788
"F:/UnrealProjects/Wizard_Dormitory/Content/System/BP_PlayGameModBase.uexp" 1789
"F:/UnrealProjects/Wizard_Dormitory/Content/SFX/SFX_Fanfare.ubulk" 1790
"F:/UnrealProjects/Wizard_Dormitory/Content/SFX/SFX_Fanfare.uasset" 1791
"F:/UnrealProjects/Wizard_Dormitory/Content/SFX/SFX_Fanfare.uexp" 1792
"../../../Engine/Content/BasicShapes/BasicShapeMaterial.uasset" 1793
"../../../Engine/Content/BasicShapes/BasicShapeMaterial.uexp" 1794
"F:/UnrealProjects/Wizard_Dormitory/Content/Maps/M_StageClear_BuiltData.ubulk" 1795
"F:/UnrealProjects/Wizard_Dormitory/Content/Maps/M_StageClear_BuiltData.uasset" 1796
"F:/UnrealProjects/Wizard_Dormitory/Content/Maps/M_StageClear_BuiltData.uexp" 1797
"F:/UnrealProjects/Wizard_Dormitory/Content/Maps/M_StageClear.uexp" 1798
"F:/UnrealProjects/Wizard_Dormitory/Content/Maps/M_StageClear.umap" 1799
"F:/UnrealProjects/Wizard_Dormitory/Content/Audio/BGM/BGM_Start.ubulk" 1800
"F:/UnrealProjects/Wizard_Dormitory/Content/Audio/BGM/BGM_Start.uasset" 1801
"F:/UnrealProjects/Wizard_Dormitory/Content/Audio/BGM/BGM_Start.uexp" 1802
"F:/UnrealProjects/Wizard_Dormitory/Content/Maps/M_Lobby_BuiltData.ubulk" 1803
"F:/UnrealProjects/Wizard_Dormitory/Content/Maps/M_Lobby_BuiltData.uasset" 1804
"F:/UnrealProjects/Wizard_Dormitory/Content/Maps/M_Lobby_BuiltData.uexp" 1805
"F:/UnrealProjects/Wizard_Dormitory/Content/Media/MP_Start_Trailer.uasset" 1806
"F:/UnrealProjects/Wizard_Dormitory/Content/Media/MP_Start_Trailer.uexp" 1807
"F:/UnrealProjects/Wizard_Dormitory/Content/VRTemplate/Blueprints/VRGameMode.uasset" 1808
"F:/UnrealProjects/Wizard_Dormitory/Content/VRTemplate/Blueprints/VRGameMode.uexp" 1809
"F:/UnrealProjects/Wizard_Dormitory/Content/Media/Movie/WD_Trailer_v_4.uasset" 1810
"F:/UnrealProjects/Wizard_Dormitory/Content/Media/Movie/WD_Trailer_v_4.uexp" 1811
"F:/UnrealProjects/Wizard_Dormitory/Content/Media/MT_Trailer.uasset" 1812
"F:/UnrealProjects/Wizard_Dormitory/Content/Media/MT_Trailer.uexp" 1813
"F:/UnrealProjects/Wizard_Dormitory/Content/Blueprints/UMG/UMG_Trailer.uasset" 1814
"F:/UnrealProjects/Wizard_Dormitory/Content/Blueprints/UMG/UMG_Trailer.uexp" 1815
"F:/UnrealProjects/Wizard_Dormitory/Content/Image/StartGameLogo.ubulk" 1816
"F:/UnrealProjects/Wizard_Dormitory/Content/Image/StartGameLogo.uasset" 1817
"F:/UnrealProjects/Wizard_Dormitory/Content/Image/StartGameLogo.uexp" 1818
"F:/UnrealProjects/Wizard_Dormitory/Content/Blueprints/UMG/UMG_Start_Main.uasset" 1819
"F:/UnrealProjects/Wizard_Dormitory/Content/Blueprints/UMG/UMG_Start_Main.uexp" 1820
"F:/UnrealProjects/Wizard_Dormitory/Content/Blueprints/UMG/UMG_Credit.uasset" 1821
"F:/UnrealProjects/Wizard_Dormitory/Content/Blueprints/UMG/UMG_Credit.uexp" 1822
"F:/UnrealProjects/Wizard_Dormitory/Content/Blueprints/UMG/UMG_Start_Setting.uasset" 1823
"F:/UnrealProjects/Wizard_Dormitory/Content/Blueprints/UMG/UMG_Start_Setting.uexp" 1824
"F:/UnrealProjects/Wizard_Dormitory/Content/Image/Next_Right.uasset" 1825
"F:/UnrealProjects/Wizard_Dormitory/Content/Image/Next_Right.uexp" 1826
"F:/UnrealProjects/Wizard_Dormitory/Content/Image/Before.uasset" 1827
"F:/UnrealProjects/Wizard_Dormitory/Content/Image/Before.uexp" 1828
"F:/UnrealProjects/Wizard_Dormitory/Content/Blueprints/UMG/UMG_LocalSelect.uasset" 1829
"F:/UnrealProjects/Wizard_Dormitory/Content/Blueprints/UMG/UMG_LocalSelect.uexp" 1830
"F:/UnrealProjects/Wizard_Dormitory/Content/Blueprints/UMG/UMG_StartMapMother.uasset" 1831
"F:/UnrealProjects/Wizard_Dormitory/Content/Blueprints/UMG/UMG_StartMapMother.uexp" 1832
"F:/UnrealProjects/Wizard_Dormitory/Content/Blueprints/Menu/Menu_StartMap.uasset" 1833
"F:/UnrealProjects/Wizard_Dormitory/Content/Blueprints/Menu/Menu_StartMap.uexp" 1834
"F:/UnrealProjects/Wizard_Dormitory/Content/Maps/M_Lobby.uexp" 1835
"F:/UnrealProjects/Wizard_Dormitory/Content/Maps/M_Lobby.umap" 1836
"F:/UnrealProjects/Wizard_Dormitory/Content/Audio/BGM/BGM_GameOver.ubulk" 1837
"F:/UnrealProjects/Wizard_Dormitory/Content/Audio/BGM/BGM_GameOver.uasset" 1838
"F:/UnrealProjects/Wizard_Dormitory/Content/Audio/BGM/BGM_GameOver.uexp" 1839
"F:/UnrealProjects/Wizard_Dormitory/Content/Blueprints/UMG/UMG_GameOver.uasset" 1840
"F:/UnrealProjects/Wizard_Dormitory/Content/Blueprints/UMG/UMG_GameOver.uexp" 1841
"F:/UnrealProjects/Wizard_Dormitory/Content/Blueprints/Menu/Menu_GameOver.uasset" 1842
"F:/UnrealProjects/Wizard_Dormitory/Content/Blueprints/Menu/Menu_GameOver.uexp" 1843
"F:/UnrealProjects/Wizard_Dormitory/Content/Maps/M_GameOver_BuiltData.ubulk" 1844
"F:/UnrealProjects/Wizard_Dormitory/Content/Maps/M_GameOver_BuiltData.uasset" 1845
"F:/UnrealProjects/Wizard_Dormitory/Content/Maps/M_GameOver_BuiltData.uexp" 1846
"F:/UnrealProjects/Wizard_Dormitory/Content/Maps/M_GameOver.uexp" 1847
"F:/UnrealProjects/Wizard_Dormitory/Content/Maps/M_GameOver.umap" 1848
"F:/UnrealProjects/Wizard_Dormitory/Content/Blueprints/UMG/UMG_End.uasset" 1849
"F:/UnrealProjects/Wizard_Dormitory/Content/Blueprints/UMG/UMG_End.uexp" 1850
"F:/UnrealProjects/Wizard_Dormitory/Content/Blueprints/UMG/UMG_EndMother.uasset" 1851
"F:/UnrealProjects/Wizard_Dormitory/Content/Blueprints/UMG/UMG_EndMother.uexp" 1852
"F:/UnrealProjects/Wizard_Dormitory/Content/Blueprints/Menu/Menu_EndMap.uasset" 1853
"F:/UnrealProjects/Wizard_Dormitory/Content/Blueprints/Menu/Menu_EndMap.uexp" 1854
"F:/UnrealProjects/Wizard_Dormitory/Content/Audio/BGM/BGM_Clear.ubulk" 1855
"F:/UnrealProjects/Wizard_Dormitory/Content/Audio/BGM/BGM_Clear.uasset" 1856
"F:/UnrealProjects/Wizard_Dormitory/Content/Audio/BGM/BGM_Clear.uexp" 1857
"F:/UnrealProjects/Wizard_Dormitory/Content/Maps/M_Clear_BuiltData.ubulk" 1858
"F:/UnrealProjects/Wizard_Dormitory/Content/Maps/M_Clear_BuiltData.uasset" 1859
"F:/UnrealProjects/Wizard_Dormitory/Content/Maps/M_Clear_BuiltData.uexp" 1860
"F:/UnrealProjects/Wizard_Dormitory/Content/Maps/M_Clear.uexp" 1861
"F:/UnrealProjects/Wizard_Dormitory/Content/Maps/M_Clear.umap" 1862
"F:/UnrealProjects/Wizard_Dormitory/Content/MapAsset/untitled_asset/Material/Material_019.uasset" 1863
"F:/UnrealProjects/Wizard_Dormitory/Content/MapAsset/untitled_asset/Material/Material_019.uexp" 1864
"F:/UnrealProjects/Wizard_Dormitory/Content/MapAsset/untitled_asset/Mesh/MAP_Enviorment_0630_SM_Wall.ubulk" 1865
"F:/UnrealProjects/Wizard_Dormitory/Content/MapAsset/untitled_asset/Mesh/MAP_Enviorment_0630_SM_Wall.uasset" 1866
"F:/UnrealProjects/Wizard_Dormitory/Content/MapAsset/untitled_asset/Mesh/MAP_Enviorment_0630_SM_Wall.uexp" 1867
"F:/UnrealProjects/Wizard_Dormitory/Content/MapAsset/untitled_asset/Mesh/MAP_Enviorment_0630_SM_Wall_Arch.ubulk" 1868
"F:/UnrealProjects/Wizard_Dormitory/Content/MapAsset/untitled_asset/Mesh/MAP_Enviorment_0630_SM_Wall_Arch.uasset" 1869
"F:/UnrealProjects/Wizard_Dormitory/Content/MapAsset/untitled_asset/Mesh/MAP_Enviorment_0630_SM_Wall_Arch.uexp" 1870
"F:/UnrealProjects/Wizard_Dormitory/Content/MapAsset/untitled_asset/Mesh/BP_Wall.uasset" 1871
"F:/UnrealProjects/Wizard_Dormitory/Content/MapAsset/untitled_asset/Mesh/BP_Wall.uexp" 1872
"F:/UnrealProjects/Wizard_Dormitory/Content/Material/Material_NameRoster/M_NameRoster.uasset" 1873
"F:/UnrealProjects/Wizard_Dormitory/Content/Material/Material_NameRoster/M_NameRoster.uexp" 1874
"F:/UnrealProjects/Wizard_Dormitory/Content/Material/Material_NameRoster/M_NameRoster_Inst.uasset" 1875
"F:/UnrealProjects/Wizard_Dormitory/Content/Material/Material_NameRoster/M_NameRoster_Inst.uexp" 1876
"F:/UnrealProjects/Wizard_Dormitory/Content/System/Enum/ST_NameWithDemerit.uasset" 1877
"F:/UnrealProjects/Wizard_Dormitory/Content/System/Enum/ST_NameWithDemerit.uexp" 1878
"F:/UnrealProjects/Wizard_Dormitory/Content/Blueprints/NameRoster/T_Student_List__NameRoster_.uasset" 1879
"F:/UnrealProjects/Wizard_Dormitory/Content/Blueprints/NameRoster/T_Student_List__NameRoster_.uexp" 1880
"F:/UnrealProjects/Wizard_Dormitory/Content/Material/Material_Text/M_Text_Day.uasset" 1881
"F:/UnrealProjects/Wizard_Dormitory/Content/Material/Material_Text/M_Text_Day.uexp" 1882
"F:/UnrealProjects/Wizard_Dormitory/Content/Blueprints/NameRoster/Button_Normal__NameRoster_.uasset" 1883
"F:/UnrealProjects/Wizard_Dormitory/Content/Blueprints/NameRoster/Button_Normal__NameRoster_.uexp" 1884
"F:/UnrealProjects/Wizard_Dormitory/Content/Blueprints/NameRoster/Button_Pressed__NameRoster_.uasset" 1885
"F:/UnrealProjects/Wizard_Dormitory/Content/Blueprints/NameRoster/Button_Pressed__NameRoster_.uexp" 1886
"F:/UnrealProjects/Wizard_Dormitory/Content/Blueprints/UMG/UMG_Name.uasset" 1887
"F:/UnrealProjects/Wizard_Dormitory/Content/Blueprints/UMG/UMG_Name.uexp" 1888
"F:/UnrealProjects/Wizard_Dormitory/Content/Blueprints/NameRoster/Button_Hovered__NameRoster_.uasset" 1889
"F:/UnrealProjects/Wizard_Dormitory/Content/Blueprints/NameRoster/Button_Hovered__NameRoster_.uexp" 1890
"F:/UnrealProjects/Wizard_Dormitory/Content/Blueprints/UMG/UMG_NameRoster.uasset" 1891
"F:/UnrealProjects/Wizard_Dormitory/Content/Blueprints/UMG/UMG_NameRoster.uexp" 1892
"F:/UnrealProjects/Wizard_Dormitory/Content/Blueprints/BP_Nameroster.uasset" 1893
"F:/UnrealProjects/Wizard_Dormitory/Content/Blueprints/BP_Nameroster.uexp" 1894
"F:/UnrealProjects/Wizard_Dormitory/Content/SFX/SFX_Rain.ubulk" 1895
"F:/UnrealProjects/Wizard_Dormitory/Content/SFX/SFX_Rain.uasset" 1896
"F:/UnrealProjects/Wizard_Dormitory/Content/SFX/SFX_Rain.uexp" 1897
"F:/UnrealProjects/Wizard_Dormitory/Content/SFX/SFX_WindowBreak.ubulk" 1898
"F:/UnrealProjects/Wizard_Dormitory/Content/SFX/SFX_WindowBreak.uasset" 1899
"F:/UnrealProjects/Wizard_Dormitory/Content/SFX/SFX_WindowBreak.uexp" 1900
"F:/UnrealProjects/Wizard_Dormitory/Content/SFX/SFX_WindowBreak_Reverse.ubulk" 1901
"F:/UnrealProjects/Wizard_Dormitory/Content/SFX/SFX_WindowBreak_Reverse.uasset" 1902
"F:/UnrealProjects/Wizard_Dormitory/Content/SFX/SFX_WindowBreak_Reverse.uexp" 1903
"F:/UnrealProjects/Wizard_Dormitory/Content/VFX/BrokenWindow/LS_BrokenWindow.uasset" 1904
"F:/UnrealProjects/Wizard_Dormitory/Content/VFX/BrokenWindow/LS_BrokenWindow.uexp" 1905
"F:/UnrealProjects/Wizard_Dormitory/Content/VFX/Weather/AdvancedGlassPack/Materials/MF_AdvancedUV.uasset" 1906
"F:/UnrealProjects/Wizard_Dormitory/Content/VFX/Weather/AdvancedGlassPack/Materials/MF_AdvancedUV.uexp" 1907
"../../../Engine/Content/Functions/Engine_MaterialFunctions02/Utility/BlendAngleCorrectedNormals.uasset" 1908
"../../../Engine/Content/Functions/Engine_MaterialFunctions02/Utility/BlendAngleCorrectedNormals.uexp" 1909
"../../../Engine/Content/EngineMaterials/T_Default_MacroVariation.ubulk" 1910
"../../../Engine/Content/EngineMaterials/T_Default_MacroVariation.uasset" 1911
"../../../Engine/Content/EngineMaterials/T_Default_MacroVariation.uexp" 1912
"../../../Engine/Content/EngineMaterials/Grid_N.ubulk" 1913
"../../../Engine/Content/EngineMaterials/Grid_N.uasset" 1914
"../../../Engine/Content/EngineMaterials/Grid_N.uexp" 1915
"F:/UnrealProjects/Wizard_Dormitory/Content/VFX/Weather/AdvancedGlassPack/Textures/FrostMask/T_Frost_01_N.ubulk" 1916
"F:/UnrealProjects/Wizard_Dormitory/Content/VFX/Weather/AdvancedGlassPack/Textures/FrostMask/T_Frost_01_N.uasset" 1917
"F:/UnrealProjects/Wizard_Dormitory/Content/VFX/Weather/AdvancedGlassPack/Textures/FrostMask/T_Frost_01_N.uexp" 1918
"F:/UnrealProjects/Wizard_Dormitory/Content/VFX/Weather/AdvancedGlassPack/Textures/FrostMask/T_Frost_01.ubulk" 1919
"F:/UnrealProjects/Wizard_Dormitory/Content/VFX/Weather/AdvancedGlassPack/Textures/FrostMask/T_Frost_01.uasset" 1920
"F:/UnrealProjects/Wizard_Dormitory/Content/VFX/Weather/AdvancedGlassPack/Textures/FrostMask/T_Frost_01.uexp" 1921
"F:/UnrealProjects/Wizard_Dormitory/Content/VFX/Weather/AdvancedGlassPack/Materials/03_Frozen/M_Glass_FrozenMaster.uasset" 1922
"F:/UnrealProjects/Wizard_Dormitory/Content/VFX/Weather/AdvancedGlassPack/Materials/03_Frozen/M_Glass_FrozenMaster.uexp" 1923
"F:/UnrealProjects/Wizard_Dormitory/Content/MapAsset/Texture/chandelier_texture_0.ubulk" 1924
"F:/UnrealProjects/Wizard_Dormitory/Content/MapAsset/Texture/chandelier_texture_0.uasset" 1925
"F:/UnrealProjects/Wizard_Dormitory/Content/MapAsset/Texture/chandelier_texture_0.uexp" 1926
"F:/UnrealProjects/Wizard_Dormitory/Content/MapAsset/Texture/chandelier_texture_1.ubulk" 1927
"F:/UnrealProjects/Wizard_Dormitory/Content/MapAsset/Texture/chandelier_texture_1.uasset" 1928
"F:/UnrealProjects/Wizard_Dormitory/Content/MapAsset/Texture/chandelier_texture_1.uexp" 1929
"F:/UnrealProjects/Wizard_Dormitory/Content/MapAsset/Texture/chandelier_texture_2.ubulk" 1930
"F:/UnrealProjects/Wizard_Dormitory/Content/MapAsset/Texture/chandelier_texture_2.uasset" 1931
"F:/UnrealProjects/Wizard_Dormitory/Content/MapAsset/Texture/chandelier_texture_2.uexp" 1932
"F:/UnrealProjects/Wizard_Dormitory/Content/MapAsset/Texture/chandelier_texture_3.ubulk" 1933
"F:/UnrealProjects/Wizard_Dormitory/Content/MapAsset/Texture/chandelier_texture_3.uasset" 1934
"F:/UnrealProjects/Wizard_Dormitory/Content/MapAsset/Texture/chandelier_texture_3.uexp" 1935
"F:/UnrealProjects/Wizard_Dormitory/Content/MapAsset/Material/M_Chandelier_.uasset" 1936
"F:/UnrealProjects/Wizard_Dormitory/Content/MapAsset/Material/M_Chandelier_.uexp" 1937
"F:/UnrealProjects/Wizard_Dormitory/Content/Genshin_Shader_v1_1/PM_Post_Outline.uasset" 1938
"F:/UnrealProjects/Wizard_Dormitory/Content/Genshin_Shader_v1_1/PM_Post_Outline.uexp" 1939
"F:/UnrealProjects/Wizard_Dormitory/Content/Genshin_Shader_v1_1/samples/PM_Post_Outline_Inst.uasset" 1940
"F:/UnrealProjects/Wizard_Dormitory/Content/Genshin_Shader_v1_1/samples/PM_Post_Outline_Inst.uexp" 1941
"F:/UnrealProjects/Wizard_Dormitory/Content/StarterContent/Materials/M_Glass.uasset" 1942
"F:/UnrealProjects/Wizard_Dormitory/Content/StarterContent/Materials/M_Glass.uexp" 1943
"F:/UnrealProjects/Wizard_Dormitory/Content/MapAsset/untitled_asset/Mesh/SM_Door.ubulk" 1944
"F:/UnrealProjects/Wizard_Dormitory/Content/MapAsset/untitled_asset/Mesh/SM_Door.uasset" 1945
"F:/UnrealProjects/Wizard_Dormitory/Content/MapAsset/untitled_asset/Mesh/SM_Door.uexp" 1946
"F:/UnrealProjects/Wizard_Dormitory/Content/MapAsset/untitled_asset/Material/Material_017.uasset" 1947
"F:/UnrealProjects/Wizard_Dormitory/Content/MapAsset/untitled_asset/Material/Material_017.uexp" 1948
"F:/UnrealProjects/Wizard_Dormitory/Content/MapAsset/untitled_asset/Mesh/M_Ceiling.ubulk" 1949
"F:/UnrealProjects/Wizard_Dormitory/Content/MapAsset/untitled_asset/Mesh/M_Ceiling.uasset" 1950
"F:/UnrealProjects/Wizard_Dormitory/Content/MapAsset/untitled_asset/Mesh/M_Ceiling.uexp" 1951
"F:/UnrealProjects/Wizard_Dormitory/Content/SFX/SFX_DoorClose.ubulk" 1952
"F:/UnrealProjects/Wizard_Dormitory/Content/SFX/SFX_DoorClose.uasset" 1953
"F:/UnrealProjects/Wizard_Dormitory/Content/SFX/SFX_DoorClose.uexp" 1954
"F:/UnrealProjects/Wizard_Dormitory/Content/SFX/SA_Door.uasset" 1955
"F:/UnrealProjects/Wizard_Dormitory/Content/SFX/SA_Door.uexp" 1956
"F:/UnrealProjects/Wizard_Dormitory/Content/SFX/SFX_DoorOpen.ubulk" 1957
"F:/UnrealProjects/Wizard_Dormitory/Content/SFX/SFX_DoorOpen.uasset" 1958
"F:/UnrealProjects/Wizard_Dormitory/Content/SFX/SFX_DoorOpen.uexp" 1959
"F:/UnrealProjects/Wizard_Dormitory/Content/Blueprints/BP_MainEntrance.uasset" 1960
"F:/UnrealProjects/Wizard_Dormitory/Content/Blueprints/BP_MainEntrance.uexp" 1961
"F:/UnrealProjects/Wizard_Dormitory/Content/VFX/Weather/M_Weather/T_Snow.ubulk" 1962
"F:/UnrealProjects/Wizard_Dormitory/Content/VFX/Weather/M_Weather/T_Snow.uasset" 1963
"F:/UnrealProjects/Wizard_Dormitory/Content/VFX/Weather/M_Weather/T_Snow.uexp" 1964
"F:/UnrealProjects/Wizard_Dormitory/Content/VFX/Weather/M_Weather/M_Weather_Snow.uasset" 1965
"F:/UnrealProjects/Wizard_Dormitory/Content/VFX/Weather/M_Weather/M_Weather_Snow.uexp" 1966
"../../../Engine/Content/EngineSky/T_Sky_Stars.ubulk" 1967
"../../../Engine/Content/EngineSky/T_Sky_Stars.uasset" 1968
"../../../Engine/Content/EngineSky/T_Sky_Stars.uexp" 1969
"../../../Engine/Content/EngineSky/T_Sky_Clouds_M.ubulk" 1970
"../../../Engine/Content/EngineSky/T_Sky_Clouds_M.uasset" 1971
"../../../Engine/Content/EngineSky/T_Sky_Clouds_M.uexp" 1972
"../../../Engine/Content/EngineSky/T_Sky_Blue.ubulk" 1973
"../../../Engine/Content/EngineSky/T_Sky_Blue.uasset" 1974
"../../../Engine/Content/EngineSky/T_Sky_Blue.uexp" 1975
"../../../Engine/Content/EngineSky/M_Sky_Panning_Clouds2.uasset" 1976
"../../../Engine/Content/EngineSky/M_Sky_Panning_Clouds2.uexp" 1977
"../../../Engine/Content/EngineSky/SM_SkySphere.ubulk" 1978
"../../../Engine/Content/EngineSky/SM_SkySphere.uasset" 1979
"../../../Engine/Content/EngineSky/SM_SkySphere.uexp" 1980
"F:/UnrealProjects/Wizard_Dormitory/Content/Audio/BGM/BGM_Main_Haze.ubulk" 1981
"F:/UnrealProjects/Wizard_Dormitory/Content/Audio/BGM/BGM_Main_Haze.uasset" 1982
"F:/UnrealProjects/Wizard_Dormitory/Content/Audio/BGM/BGM_Main_Haze.uexp" 1983
"F:/UnrealProjects/Wizard_Dormitory/Content/MapAsset/untitled_asset/Mesh/M_Desk.ubulk" 1984
"F:/UnrealProjects/Wizard_Dormitory/Content/MapAsset/untitled_asset/Mesh/M_Desk.uasset" 1985
"F:/UnrealProjects/Wizard_Dormitory/Content/MapAsset/untitled_asset/Mesh/M_Desk.uexp" 1986
"F:/UnrealProjects/Wizard_Dormitory/Content/MapAsset/untitled_asset/Mesh/SM_SM_WindowWall.ubulk" 1987
"F:/UnrealProjects/Wizard_Dormitory/Content/MapAsset/untitled_asset/Mesh/SM_SM_WindowWall.uasset" 1988
"F:/UnrealProjects/Wizard_Dormitory/Content/MapAsset/untitled_asset/Mesh/SM_SM_WindowWall.uexp" 1989
"F:/UnrealProjects/Wizard_Dormitory/Content/MapAsset/untitled_asset/Texture/SM_Flag01.ubulk" 1990
"F:/UnrealProjects/Wizard_Dormitory/Content/MapAsset/untitled_asset/Texture/SM_Flag01.uasset" 1991
"F:/UnrealProjects/Wizard_Dormitory/Content/MapAsset/untitled_asset/Texture/SM_Flag01.uexp" 1992
"F:/UnrealProjects/Wizard_Dormitory/Content/MapAsset/untitled_asset/Material/M_Flag_Luminas.uasset" 1993
"F:/UnrealProjects/Wizard_Dormitory/Content/MapAsset/untitled_asset/Material/M_Flag_Luminas.uexp" 1994
"F:/UnrealProjects/Wizard_Dormitory/Content/MapAsset/untitled_asset/Texture/SM_Flag02.ubulk" 1995
"F:/UnrealProjects/Wizard_Dormitory/Content/MapAsset/untitled_asset/Texture/SM_Flag02.uasset" 1996
"F:/UnrealProjects/Wizard_Dormitory/Content/MapAsset/untitled_asset/Texture/SM_Flag02.uexp" 1997
"F:/UnrealProjects/Wizard_Dormitory/Content/MapAsset/untitled_asset/Material/M_Flag_Selesta.uasset" 1998
"F:/UnrealProjects/Wizard_Dormitory/Content/MapAsset/untitled_asset/Material/M_Flag_Selesta.uexp" 1999
"F:/UnrealProjects/Wizard_Dormitory/Content/VFX/Weather/BP_TP_Weather.uasset" 2000
"F:/UnrealProjects/Wizard_Dormitory/Content/VFX/Weather/BP_TP_Weather.uexp" 2001
"F:/UnrealProjects/Wizard_Dormitory/Content/VFX/Weather/M_Weather/M_Weather_Clean.uasset" 2002
"F:/UnrealProjects/Wizard_Dormitory/Content/VFX/Weather/M_Weather/M_Weather_Clean.uexp" 2003
"F:/UnrealProjects/Wizard_Dormitory/Content/Blueprints/BP_NPCInManager.uasset" 2004
"F:/UnrealProjects/Wizard_Dormitory/Content/Blueprints/BP_NPCInManager.uexp" 2005
"F:/UnrealProjects/Wizard_Dormitory/Content/MapAsset/untitled_asset/Mesh/MAP_Enviorment_0630_SM_Pillar.ubulk" 2006
"F:/UnrealProjects/Wizard_Dormitory/Content/MapAsset/untitled_asset/Mesh/MAP_Enviorment_0630_SM_Pillar.uasset" 2007
"F:/UnrealProjects/Wizard_Dormitory/Content/MapAsset/untitled_asset/Mesh/MAP_Enviorment_0630_SM_Pillar.uexp" 2008
"F:/UnrealProjects/Wizard_Dormitory/Content/MapAsset/untitled_asset/Mesh/BP_Wall1.uasset" 2009
"F:/UnrealProjects/Wizard_Dormitory/Content/MapAsset/untitled_asset/Mesh/BP_Wall1.uexp" 2010
"../../../Engine/Content/MapTemplates/SM_Template_Map_Floor.ubulk" 2011
"../../../Engine/Content/MapTemplates/SM_Template_Map_Floor.uasset" 2012
"../../../Engine/Content/MapTemplates/SM_Template_Map_Floor.uexp" 2013
"F:/UnrealProjects/Wizard_Dormitory/Content/MapAsset/Texture/statue_retopology_texture_0.ubulk" 2014
"F:/UnrealProjects/Wizard_Dormitory/Content/MapAsset/Texture/statue_retopology_texture_0.uasset" 2015
"F:/UnrealProjects/Wizard_Dormitory/Content/MapAsset/Texture/statue_retopology_texture_0.uexp" 2016
"F:/UnrealProjects/Wizard_Dormitory/Content/MapAsset/Texture/statue_retopology_texture_1.ubulk" 2017
"F:/UnrealProjects/Wizard_Dormitory/Content/MapAsset/Texture/statue_retopology_texture_1.uasset" 2018
"F:/UnrealProjects/Wizard_Dormitory/Content/MapAsset/Texture/statue_retopology_texture_1.uexp" 2019
"F:/UnrealProjects/Wizard_Dormitory/Content/MapAsset/Texture/statue_retopology_texture_2.ubulk" 2020
"F:/UnrealProjects/Wizard_Dormitory/Content/MapAsset/Texture/statue_retopology_texture_2.uasset" 2021
"F:/UnrealProjects/Wizard_Dormitory/Content/MapAsset/Texture/statue_retopology_texture_2.uexp" 2022
"F:/UnrealProjects/Wizard_Dormitory/Content/MapAsset/Material/M_Statue_.uasset" 2023
"F:/UnrealProjects/Wizard_Dormitory/Content/MapAsset/Material/M_Statue_.uexp" 2024
"F:/UnrealProjects/Wizard_Dormitory/Content/MapAsset/untitled_asset/Mesh/SM_statue.ubulk" 2025
"F:/UnrealProjects/Wizard_Dormitory/Content/MapAsset/untitled_asset/Mesh/SM_statue.uasset" 2026
"F:/UnrealProjects/Wizard_Dormitory/Content/MapAsset/untitled_asset/Mesh/SM_statue.uexp" 2027
"F:/UnrealProjects/Wizard_Dormitory/Content/MapAsset/untitled_asset/Texture/SM_Flag03.ubulk" 2028
"F:/UnrealProjects/Wizard_Dormitory/Content/MapAsset/untitled_asset/Texture/SM_Flag03.uasset" 2029
"F:/UnrealProjects/Wizard_Dormitory/Content/MapAsset/untitled_asset/Texture/SM_Flag03.uexp" 2030
"F:/UnrealProjects/Wizard_Dormitory/Content/MapAsset/untitled_asset/Material/M_Flag_Novas.uasset" 2031
"F:/UnrealProjects/Wizard_Dormitory/Content/MapAsset/untitled_asset/Material/M_Flag_Novas.uexp" 2032
"../../../Engine/Content/EngineMaterials/DefaultDestructiblePhysicalMaterial.uasset" 2033
"../../../Engine/Content/EngineMaterials/DefaultDestructiblePhysicalMaterial.uexp" 2034
"F:/UnrealProjects/Wizard_Dormitory/Content/MapAsset/untitled_asset/Mesh/SM_Window02.ubulk" 2035
"F:/UnrealProjects/Wizard_Dormitory/Content/MapAsset/untitled_asset/Mesh/SM_Window02.uasset" 2036
"F:/UnrealProjects/Wizard_Dormitory/Content/MapAsset/untitled_asset/Mesh/SM_Window02.uexp" 2037
"F:/UnrealProjects/Wizard_Dormitory/Content/VFX/Weather/AdvancedGlassPack/Textures/T_HDR_Test.uasset" 2038
"F:/UnrealProjects/Wizard_Dormitory/Content/VFX/Weather/AdvancedGlassPack/Textures/T_HDR_Test.uexp" 2039
"F:/UnrealProjects/Wizard_Dormitory/Content/VFX/Weather/AdvancedGlassPack/Materials/01_Clean/M_Glass_CleanMaster.uasset" 2040
"F:/UnrealProjects/Wizard_Dormitory/Content/VFX/Weather/AdvancedGlassPack/Materials/01_Clean/M_Glass_CleanMaster.uexp" 2041
"F:/UnrealProjects/Wizard_Dormitory/Content/Fab/Megascans/Surfaces/Worn_Wooden_Table_Top_tdfhffuq/Medium/T_tdfhffuq_2K_N.ubulk" 2042
"F:/UnrealProjects/Wizard_Dormitory/Content/Fab/Megascans/Surfaces/Worn_Wooden_Table_Top_tdfhffuq/Medium/T_tdfhffuq_2K_N.uasset" 2043
"F:/UnrealProjects/Wizard_Dormitory/Content/Fab/Megascans/Surfaces/Worn_Wooden_Table_Top_tdfhffuq/Medium/T_tdfhffuq_2K_N.uexp" 2044
"F:/UnrealProjects/Wizard_Dormitory/Content/Fab/Megascans/Surfaces/Worn_Wooden_Table_Top_tdfhffuq/Medium/T_tdfhffuq_2K_ORM.ubulk" 2045
"F:/UnrealProjects/Wizard_Dormitory/Content/Fab/Megascans/Surfaces/Worn_Wooden_Table_Top_tdfhffuq/Medium/T_tdfhffuq_2K_ORM.uasset" 2046
"F:/UnrealProjects/Wizard_Dormitory/Content/Fab/Megascans/Surfaces/Worn_Wooden_Table_Top_tdfhffuq/Medium/T_tdfhffuq_2K_ORM.uexp" 2047
"F:/UnrealProjects/Wizard_Dormitory/Content/Fab/Megascans/Surfaces/Worn_Wooden_Table_Top_tdfhffuq/Medium/T_tdfhffuq_2K_B.ubulk" 2048
"F:/UnrealProjects/Wizard_Dormitory/Content/Fab/Megascans/Surfaces/Worn_Wooden_Table_Top_tdfhffuq/Medium/T_tdfhffuq_2K_B.uasset" 2049
"F:/UnrealProjects/Wizard_Dormitory/Content/Fab/Megascans/Surfaces/Worn_Wooden_Table_Top_tdfhffuq/Medium/T_tdfhffuq_2K_B.uexp" 2050
"../../../Engine/Plugins/Fab/Content/Textures/Standard/T_DefaultDisplacement.uasset" 2051
"../../../Engine/Plugins/Fab/Content/Textures/Standard/T_DefaultDisplacement.uexp" 2052
"../../../Engine/Plugins/Fab/Content/MaterialFunctions/QMF_BaseColorAdjustments.uasset" 2053
"../../../Engine/Plugins/Fab/Content/MaterialFunctions/QMF_BaseColorAdjustments.uexp" 2054
"../../../Engine/Plugins/Fab/Content/Textures/Standard/T_DefaultNormal.uasset" 2055
"../../../Engine/Plugins/Fab/Content/Textures/Standard/T_DefaultNormal.uexp" 2056
"../../../Engine/Plugins/Fab/Content/Textures/Standard/T_DefaultMasks.uasset" 2057
"../../../Engine/Plugins/Fab/Content/Textures/Standard/T_DefaultMasks.uexp" 2058
"../../../Engine/Plugins/Fab/Content/MaterialFunctions/QMF_RoughnessAdjustments.uasset" 2059
"../../../Engine/Plugins/Fab/Content/MaterialFunctions/QMF_RoughnessAdjustments.uexp" 2060
"../../../Engine/Plugins/Fab/Content/MaterialFunctions/QMF_Tiling.uasset" 2061
"../../../Engine/Plugins/Fab/Content/MaterialFunctions/QMF_Tiling.uexp" 2062
"../../../Engine/Plugins/Fab/Content/MaterialFunctions/QMF_NormalAdjustments.uasset" 2063
"../../../Engine/Plugins/Fab/Content/MaterialFunctions/QMF_NormalAdjustments.uexp" 2064
"../../../Engine/Plugins/Fab/Content/MaterialFunctions/QMF_AOAdjustments.uasset" 2065
"../../../Engine/Plugins/Fab/Content/MaterialFunctions/QMF_AOAdjustments.uexp" 2066
"../../../Engine/Plugins/Fab/Content/Textures/Standard/T_DefaultColor.uasset" 2067
"../../../Engine/Plugins/Fab/Content/Textures/Standard/T_DefaultColor.uexp" 2068
"../../../Engine/Plugins/Fab/Content/Materials/Standard/M_MS_Srf.uasset" 2069
"../../../Engine/Plugins/Fab/Content/Materials/Standard/M_MS_Srf.uexp" 2070
"F:/UnrealProjects/Wizard_Dormitory/Content/Fab/Megascans/Surfaces/Worn_Wooden_Table_Top_tdfhffuq/Medium/MI_tdfhffuq.uasset" 2071
"F:/UnrealProjects/Wizard_Dormitory/Content/Fab/Megascans/Surfaces/Worn_Wooden_Table_Top_tdfhffuq/Medium/MI_tdfhffuq.uexp" 2072
"F:/UnrealProjects/Wizard_Dormitory/Content/VFX/Weather/NS_Weather/NS_Rain.uasset" 2073
"F:/UnrealProjects/Wizard_Dormitory/Content/VFX/Weather/NS_Weather/NS_Rain.uexp" 2074
"F:/UnrealProjects/Wizard_Dormitory/Content/MapAsset/Texture/T_ul4ldccfw_8K_B.uexp" 2075
"F:/UnrealProjects/Wizard_Dormitory/Content/MapAsset/Texture/T_ul4ldccfw_8K_B.ubulk" 2076
"F:/UnrealProjects/Wizard_Dormitory/Content/MapAsset/Texture/T_ul4ldccfw_8K_B.uasset" 2077
"F:/UnrealProjects/Wizard_Dormitory/Content/MapAsset/Texture/T_ul4ldccfw_8K_B.uptnl" 2078
"F:/UnrealProjects/Wizard_Dormitory/Content/MapAsset/Texture/T_ul4ldccfw_8K_ORM.uexp" 2079
"F:/UnrealProjects/Wizard_Dormitory/Content/MapAsset/Texture/T_ul4ldccfw_8K_ORM.ubulk" 2080
"F:/UnrealProjects/Wizard_Dormitory/Content/MapAsset/Texture/T_ul4ldccfw_8K_ORM.uasset" 2081
"F:/UnrealProjects/Wizard_Dormitory/Content/MapAsset/Texture/T_ul4ldccfw_8K_ORM.uptnl" 2082
"F:/UnrealProjects/Wizard_Dormitory/Content/MapAsset/Material/M_Carpet.uasset" 2083
"F:/UnrealProjects/Wizard_Dormitory/Content/MapAsset/Material/M_Carpet.uexp" 2084
"F:/UnrealProjects/Wizard_Dormitory/Content/MapAsset/Mesh/SM_chandelier_long.ubulk" 2085
"F:/UnrealProjects/Wizard_Dormitory/Content/MapAsset/Mesh/SM_chandelier_long.uasset" 2086
"F:/UnrealProjects/Wizard_Dormitory/Content/MapAsset/Mesh/SM_chandelier_long.uexp" 2087
"F:/UnrealProjects/Wizard_Dormitory/Content/Audio/BGM/BGM_Main.ubulk" 2088
"F:/UnrealProjects/Wizard_Dormitory/Content/Audio/BGM/BGM_Main.uasset" 2089
"F:/UnrealProjects/Wizard_Dormitory/Content/Audio/BGM/BGM_Main.uexp" 2090
"F:/UnrealProjects/Wizard_Dormitory/Content/MapAsset/untitled_asset/Mesh/BP_Wall2.uasset" 2091
"F:/UnrealProjects/Wizard_Dormitory/Content/MapAsset/untitled_asset/Mesh/BP_Wall2.uexp" 2092
"F:/UnrealProjects/Wizard_Dormitory/Content/VFX/Weather/AdvancedGlassPack/StaticMesh/SM_Window_1.ubulk" 2093
"F:/UnrealProjects/Wizard_Dormitory/Content/VFX/Weather/AdvancedGlassPack/StaticMesh/SM_Window_1.uasset" 2094
"F:/UnrealProjects/Wizard_Dormitory/Content/VFX/Weather/AdvancedGlassPack/StaticMesh/SM_Window_1.uexp" 2095
"F:/UnrealProjects/Wizard_Dormitory/Content/VFX/Weather/M_Weather/T_SnowFlake.ubulk" 2096
"F:/UnrealProjects/Wizard_Dormitory/Content/VFX/Weather/M_Weather/T_SnowFlake.uasset" 2097
"F:/UnrealProjects/Wizard_Dormitory/Content/VFX/Weather/M_Weather/T_SnowFlake.uexp" 2098
"F:/UnrealProjects/Wizard_Dormitory/Content/VFX/Weather/M_Weather/M_Weather_Snow_Niagara.uasset" 2099
"F:/UnrealProjects/Wizard_Dormitory/Content/VFX/Weather/M_Weather/M_Weather_Snow_Niagara.uexp" 2100
"F:/UnrealProjects/Wizard_Dormitory/Content/VFX/Weather/NS_Weather/NS_Snow.uasset" 2101
"F:/UnrealProjects/Wizard_Dormitory/Content/VFX/Weather/NS_Weather/NS_Snow.uexp" 2102
"F:/UnrealProjects/Wizard_Dormitory/Content/MapAsset/untitled_asset/Mesh/SM_Window.ubulk" 2103
"F:/UnrealProjects/Wizard_Dormitory/Content/MapAsset/untitled_asset/Mesh/SM_Window.uasset" 2104
"F:/UnrealProjects/Wizard_Dormitory/Content/MapAsset/untitled_asset/Mesh/SM_Window.uexp" 2105
"F:/UnrealProjects/Wizard_Dormitory/Content/VFX/Weather/M_Weather/T_Rain.ubulk" 2106
"F:/UnrealProjects/Wizard_Dormitory/Content/VFX/Weather/M_Weather/T_Rain.uasset" 2107
"F:/UnrealProjects/Wizard_Dormitory/Content/VFX/Weather/M_Weather/T_Rain.uexp" 2108
"F:/UnrealProjects/Wizard_Dormitory/Content/VFX/Weather/M_Weather/M_Weather_Rain.uasset" 2109
"F:/UnrealProjects/Wizard_Dormitory/Content/VFX/Weather/M_Weather/M_Weather_Rain.uexp" 2110
"F:/UnrealProjects/Wizard_Dormitory/Content/Audio/BGM/BGM_Main_Snow.ubulk" 2111
"F:/UnrealProjects/Wizard_Dormitory/Content/Audio/BGM/BGM_Main_Snow.uasset" 2112
"F:/UnrealProjects/Wizard_Dormitory/Content/Audio/BGM/BGM_Main_Snow.uexp" 2113
"F:/UnrealProjects/Wizard_Dormitory/Content/MapAsset/untitled_asset/Texture/SM_Flag04_.ubulk" 2114
"F:/UnrealProjects/Wizard_Dormitory/Content/MapAsset/untitled_asset/Texture/SM_Flag04_.uasset" 2115
"F:/UnrealProjects/Wizard_Dormitory/Content/MapAsset/untitled_asset/Texture/SM_Flag04_.uexp" 2116
"F:/UnrealProjects/Wizard_Dormitory/Content/MapAsset/untitled_asset/Material/M_Flag_AURORA.uasset" 2117
"F:/UnrealProjects/Wizard_Dormitory/Content/MapAsset/untitled_asset/Material/M_Flag_AURORA.uexp" 2118
"F:/UnrealProjects/Wizard_Dormitory/Content/VFX/Weather/BP_Weather_Main.uasset" 2119
"F:/UnrealProjects/Wizard_Dormitory/Content/VFX/Weather/BP_Weather_Main.uexp" 2120
"../../../Engine/Content/EngineMaterials/DefaultPhysicalMaterial.uasset" 2121
"../../../Engine/Content/EngineMaterials/DefaultPhysicalMaterial.uexp" 2122
"../../../Engine/Content/Functions/Engine_MaterialFunctions02/ScreenResolution.uasset" 2123
"../../../Engine/Content/Functions/Engine_MaterialFunctions02/ScreenResolution.uexp" 2124
"../../../Engine/Content/EngineMaterials/Grid.ubulk" 2125
"../../../Engine/Content/EngineMaterials/Grid.uasset" 2126
"../../../Engine/Content/EngineMaterials/Grid.uexp" 2127
"../../../Engine/Content/Functions/Engine_MaterialFunctions01/ImageAdjustment/CheapContrast.uasset" 2128
"../../../Engine/Content/Functions/Engine_MaterialFunctions01/ImageAdjustment/CheapContrast.uexp" 2129
"../../../Engine/Content/Functions/Engine_MaterialFunctions01/Texturing/WorldAlignedTexture.uasset" 2130
"../../../Engine/Content/Functions/Engine_MaterialFunctions01/Texturing/WorldAlignedTexture.uexp" 2131
"../../../Engine/Content/EditorMaterials/GeometryCollection/SelectedGeometryMaterial.uasset" 2132
"../../../Engine/Content/EditorMaterials/GeometryCollection/SelectedGeometryMaterial.uexp" 2133
"F:/UnrealProjects/Wizard_Dormitory/Content/VFX/BrokenWindow/GC_BrokenWindow.uasset" 2134
"F:/UnrealProjects/Wizard_Dormitory/Content/VFX/BrokenWindow/GC_BrokenWindow.uexp" 2135
"F:/UnrealProjects/Wizard_Dormitory/Content/MapAsset/untitled_asset/Mesh/SM_BP_Wall4_M.ubulk" 2136
"F:/UnrealProjects/Wizard_Dormitory/Content/MapAsset/untitled_asset/Mesh/SM_BP_Wall4_M.uasset" 2137
"F:/UnrealProjects/Wizard_Dormitory/Content/MapAsset/untitled_asset/Mesh/SM_BP_Wall4_M.uexp" 2138
"F:/UnrealProjects/Wizard_Dormitory/Content/VFX/Weather/BP_Weather.uasset" 2139
"F:/UnrealProjects/Wizard_Dormitory/Content/VFX/Weather/BP_Weather.uexp" 2140
"F:/UnrealProjects/Wizard_Dormitory/Content/MapAsset/untitled_asset/Mesh/SM_BP_Wall3_M.ubulk" 2141
"F:/UnrealProjects/Wizard_Dormitory/Content/MapAsset/untitled_asset/Mesh/SM_BP_Wall3_M.uasset" 2142
"F:/UnrealProjects/Wizard_Dormitory/Content/MapAsset/untitled_asset/Mesh/SM_BP_Wall3_M.uexp" 2143
"F:/UnrealProjects/Wizard_Dormitory/Content/StarterContent/Textures/T_Metal_Steel_D.ubulk" 2144
"F:/UnrealProjects/Wizard_Dormitory/Content/StarterContent/Textures/T_Metal_Steel_D.uasset" 2145
"F:/UnrealProjects/Wizard_Dormitory/Content/StarterContent/Textures/T_Metal_Steel_D.uexp" 2146
"F:/UnrealProjects/Wizard_Dormitory/Content/StarterContent/Textures/T_Metal_Steel_N.ubulk" 2147
"F:/UnrealProjects/Wizard_Dormitory/Content/StarterContent/Textures/T_Metal_Steel_N.uasset" 2148
"F:/UnrealProjects/Wizard_Dormitory/Content/StarterContent/Textures/T_Metal_Steel_N.uexp" 2149
"F:/UnrealProjects/Wizard_Dormitory/Content/StarterContent/Materials/M_Metal_Steel.uasset" 2150
"F:/UnrealProjects/Wizard_Dormitory/Content/StarterContent/Materials/M_Metal_Steel.uexp" 2151
"F:/UnrealProjects/Wizard_Dormitory/Content/StarterContent/Materials/M_Glass_Inst.uasset" 2152
"F:/UnrealProjects/Wizard_Dormitory/Content/StarterContent/Materials/M_Glass_Inst.uexp" 2153
"F:/UnrealProjects/Wizard_Dormitory/Content/StarterContent/Materials/M_Metal_Chrome.uasset" 2154
"F:/UnrealProjects/Wizard_Dormitory/Content/StarterContent/Materials/M_Metal_Chrome.uexp" 2155
"F:/UnrealProjects/Wizard_Dormitory/Content/MapAsset/Mesh/SM_bulb.ubulk" 2156
"F:/UnrealProjects/Wizard_Dormitory/Content/MapAsset/Mesh/SM_bulb.uasset" 2157
"F:/UnrealProjects/Wizard_Dormitory/Content/MapAsset/Mesh/SM_bulb.uexp" 2158
"F:/UnrealProjects/Wizard_Dormitory/Content/MapAsset/untitled_asset/Mesh/SM_Window03.ubulk" 2159
"F:/UnrealProjects/Wizard_Dormitory/Content/MapAsset/untitled_asset/Mesh/SM_Window03.uasset" 2160
"F:/UnrealProjects/Wizard_Dormitory/Content/MapAsset/untitled_asset/Mesh/SM_Window03.uexp" 2161
"F:/UnrealProjects/Wizard_Dormitory/Content/VFX/Weather/AdvancedGlassPack/Textures/RainMask/T_RainDroplets_M.uasset" 2162
"F:/UnrealProjects/Wizard_Dormitory/Content/VFX/Weather/AdvancedGlassPack/Textures/RainMask/T_RainDroplets_M.uexp" 2163
"F:/UnrealProjects/Wizard_Dormitory/Content/VFX/Weather/AdvancedGlassPack/Textures/RainMask/T_RainDroplets.ubulk" 2164
"F:/UnrealProjects/Wizard_Dormitory/Content/VFX/Weather/AdvancedGlassPack/Textures/RainMask/T_RainDroplets.uasset" 2165
"F:/UnrealProjects/Wizard_Dormitory/Content/VFX/Weather/AdvancedGlassPack/Textures/RainMask/T_RainDroplets.uexp" 2166
"../../../Engine/Content/Functions/Engine_MaterialFunctions02/Math/TimeWithSpeedVariable.uasset" 2167
"../../../Engine/Content/Functions/Engine_MaterialFunctions02/Math/TimeWithSpeedVariable.uexp" 2168
"F:/UnrealProjects/Wizard_Dormitory/Content/VFX/Weather/AdvancedGlassPack/Materials/05_Wet/M_Glass_WetMaster.uasset" 2169
"F:/UnrealProjects/Wizard_Dormitory/Content/VFX/Weather/AdvancedGlassPack/Materials/05_Wet/M_Glass_WetMaster.uexp" 2170
"F:/UnrealProjects/Wizard_Dormitory/Content/VFX/Weather/AdvancedGlassPack/Materials/05_Wet/_Examples/M_Glass_Rain_01.uasset" 2171
"F:/UnrealProjects/Wizard_Dormitory/Content/VFX/Weather/AdvancedGlassPack/Materials/05_Wet/_Examples/M_Glass_Rain_01.uexp" 2172
"F:/UnrealProjects/Wizard_Dormitory/Content/VFX/BrokenWindow/ChaosCache_BrokenWindow.uasset" 2173
"F:/UnrealProjects/Wizard_Dormitory/Content/VFX/BrokenWindow/ChaosCache_BrokenWindow.uexp" 2174
"../../../Engine/Content/EngineSky/M_SimpleSkyDome.uasset" 2175
"../../../Engine/Content/EngineSky/M_SimpleSkyDome.uexp" 2176
"F:/UnrealProjects/Wizard_Dormitory/Content/Blueprints/BP_WindowBreakManager.uasset" 2177
"F:/UnrealProjects/Wizard_Dormitory/Content/Blueprints/BP_WindowBreakManager.uexp" 2178
"F:/UnrealProjects/Wizard_Dormitory/Content/System/Enum/E_TimeSet.uasset" 2179
"F:/UnrealProjects/Wizard_Dormitory/Content/System/Enum/E_TimeSet.uexp" 2180
"F:/UnrealProjects/Wizard_Dormitory/Content/MapAsset/Texture/T_tdfhffuq_2K_ORM.ubulk" 2181
"F:/UnrealProjects/Wizard_Dormitory/Content/MapAsset/Texture/T_tdfhffuq_2K_ORM.uasset" 2182
"F:/UnrealProjects/Wizard_Dormitory/Content/MapAsset/Texture/T_tdfhffuq_2K_ORM.uexp" 2183
"F:/UnrealProjects/Wizard_Dormitory/Content/MapAsset/Texture/T_tdfhffuq_2K_B.ubulk" 2184
"F:/UnrealProjects/Wizard_Dormitory/Content/MapAsset/Texture/T_tdfhffuq_2K_B.uasset" 2185
"F:/UnrealProjects/Wizard_Dormitory/Content/MapAsset/Texture/T_tdfhffuq_2K_B.uexp" 2186
"F:/UnrealProjects/Wizard_Dormitory/Content/MapAsset/Texture/T_tdfhffuq_2K_N.ubulk" 2187
"F:/UnrealProjects/Wizard_Dormitory/Content/MapAsset/Texture/T_tdfhffuq_2K_N.uasset" 2188
"F:/UnrealProjects/Wizard_Dormitory/Content/MapAsset/Texture/T_tdfhffuq_2K_N.uexp" 2189
"F:/UnrealProjects/Wizard_Dormitory/Content/MapAsset/Material/M_Plane.uasset" 2190
"F:/UnrealProjects/Wizard_Dormitory/Content/MapAsset/Material/M_Plane.uexp" 2191
"F:/UnrealProjects/Wizard_Dormitory/Content/MapAsset/Material/M_Plane_Inst.uasset" 2192
"F:/UnrealProjects/Wizard_Dormitory/Content/MapAsset/Material/M_Plane_Inst.uexp" 2193
"F:/UnrealProjects/Wizard_Dormitory/Content/MapAsset/Texture/metal_cremation_urn_texture_0.ubulk" 2194
"F:/UnrealProjects/Wizard_Dormitory/Content/MapAsset/Texture/metal_cremation_urn_texture_0.uasset" 2195
"F:/UnrealProjects/Wizard_Dormitory/Content/MapAsset/Texture/metal_cremation_urn_texture_0.uexp" 2196
"F:/UnrealProjects/Wizard_Dormitory/Content/MapAsset/Texture/metal_cremation_urn_texture_1.ubulk" 2197
"F:/UnrealProjects/Wizard_Dormitory/Content/MapAsset/Texture/metal_cremation_urn_texture_1.uasset" 2198
"F:/UnrealProjects/Wizard_Dormitory/Content/MapAsset/Texture/metal_cremation_urn_texture_1.uexp" 2199
"F:/UnrealProjects/Wizard_Dormitory/Content/MapAsset/Texture/metal_cremation_urn_texture_2.ubulk" 2200
"F:/UnrealProjects/Wizard_Dormitory/Content/MapAsset/Texture/metal_cremation_urn_texture_2.uasset" 2201
"F:/UnrealProjects/Wizard_Dormitory/Content/MapAsset/Texture/metal_cremation_urn_texture_2.uexp" 2202
"F:/UnrealProjects/Wizard_Dormitory/Content/MapAsset/Material/M_Material.uasset" 2203
"F:/UnrealProjects/Wizard_Dormitory/Content/MapAsset/Material/M_Material.uexp" 2204
"F:/UnrealProjects/Wizard_Dormitory/Content/MapAsset/Mesh/SM_Candle_Holder.ubulk" 2205
"F:/UnrealProjects/Wizard_Dormitory/Content/MapAsset/Mesh/SM_Candle_Holder.uasset" 2206
"F:/UnrealProjects/Wizard_Dormitory/Content/MapAsset/Mesh/SM_Candle_Holder.uexp" 2207
"F:/UnrealProjects/Wizard_Dormitory/Content/MapAsset/untitled_asset/Mesh/SM_Flag.ubulk" 2208
"F:/UnrealProjects/Wizard_Dormitory/Content/MapAsset/untitled_asset/Mesh/SM_Flag.uasset" 2209
"F:/UnrealProjects/Wizard_Dormitory/Content/MapAsset/untitled_asset/Mesh/SM_Flag.uexp" 2210
"F:/UnrealProjects/Wizard_Dormitory/Content/Maps/M_PlayMap.uexp" 2211
"F:/UnrealProjects/Wizard_Dormitory/Content/Maps/M_PlayMap.umap" 2212
"../../../Engine/Content/Maps/Entry_BuiltData.uasset" 2213
"../../../Engine/Content/Maps/Entry_BuiltData.uexp" 2214
"../../../Engine/Content/Maps/Entry.uexp" 2215
"../../../Engine/Content/Maps/Entry.umap" 2216
